58.05645,85.560135,483.5373,,494.4688146,,,,,,
58.3455,85.4511,483.435,,494.383947,,,,,,
58.348145,85.276344,483.70703,,494.6201085,,,,,,
58.756775,85.276505,484.1744,,495.1255301,,,,,,
62.710743,85.17437,486.88947,,498.2455886,,,,,,
63.022156,85.12238,485.98657,,497.3937655,,,,,,
63.05434,85.14467,486.2619,,497.6706743,,,,,,
62.990593,85.25747,485.97787,,497.404404,,,,,,
62.518543,85.040016,485.23596,,496.582631,,,,,,
61.789555,85.109215,485.13913,,496.4086049,,,,,,
57.58952,84.09381,487.3078,,497.8526023,,,,,,
57.3853,84.111984,487.97897,,498.4890908,,,,,,
57.414772,84.134605,488.25818,,498.7696243,,,,,,
57.649868,83.98115,487.59518,,498.121873,,,,,,
57.710266,83.86835,487.88257,,498.3911888,,,,,,
57.683926,83.67009,487.87726,,498.3496163,,,,,,
57.683926,83.67009,487.87726,,498.3496163,,,,,,
57.683926,83.67009,487.87726,,498.3496163,,,,,,
57.302864,83.69263,487.6892,,498.1253159,,,,,,
57.729733,84.57583,487.6113,,498.2475017,,,,,,
58.02427,84.30951,487.23636,,497.8696415,,,,,,
58.375103,84.26407,487.14575,,497.8142906,,,,,,
57.99765,84.11142,487.23096,,497.8277481,,,,,,
58.367737,84.772545,486.86972,,497.629683,,,,,,
58.718204,84.72689,486.77936,,497.5747368,,496.7408,490.0436,484.0121,477.7817,470.2325
59.04174,84.48359,486.68365,,497.4780188,,-6.6972,-6.0315,-6.2304,-7.5492,
59.04174,84.48359,486.68365,,497.4780188,,,,,,
59.42302,84.30295,486.60196,,497.4128569,,-6.627075,,,,
59.74208,84.39262,486.50317,,497.3696461,,,,,,
59.74208,84.39262,486.50317,,497.3696461,,,,,,
59.734524,84.74234,485.95935,,496.8963347,,,,,,
60.14201,84.91643,486.15228,,497.1638571,,,,,,
60.11488,84.719185,486.1467,,497.1214671,,,,,,
60.11488,84.719185,486.1467,,497.1214671,,,,,,
60.11488,84.719185,486.1467,,497.1214671,,,,,,
60.11488,84.719185,486.1467,,497.1214671,,,,,,
60.11488,84.719185,486.1467,,497.1214671,,,,,,
60.053288,84.67422,485.5925,,496.5643936,,,,,,
60.42968,84.825714,485.50858,,496.5538533,,,,,,
60.40253,84.62863,485.50305,,496.5115127,,,,,,
60.42968,84.825714,485.50858,,496.5538533,,,,,,
60.398735,84.803246,485.23178,,496.2756069,,,,,,
60.398735,84.803246,485.23178,,496.2756069,,,,,,
60.398735,84.803246,485.23178,,496.2756069,,,,,,
60.0497,84.84892,485.32104,,496.3283364,,,,,,
60.077087,85.0461,485.32663,,496.3708627,,,,,,
60.332226,85.24733,484.9431,,496.0613823,,,,,,
60.367363,84.93806,485.22305,,496.2863093,,,,,,
60.394604,85.135124,485.22864,,496.3288533,,,,,,
60.39114,85.309616,484.95755,,496.093384,,,,,,
60.332226,85.24733,484.9431,,496.0613823,,,,,,
60.332226,85.24733,484.9431,,496.0613823,,,,,,
60.363136,85.26995,485.2199,,496.3396256,,,,,,
60.305084,85.05027,484.93753,,496.0188097,,,,,,
60.332226,85.24733,484.9431,,496.0613823,,,,,,
60.301315,85.22471,484.66635,,495.7831891,,,,,,
59.921944,85.24782,484.47824,,495.5572573,,,,,,
59.542816,85.27085,484.28964,,495.3311218,,,,,,
59.51555,85.07356,484.28403,,495.2884342,,,,,,
59.51555,85.07356,484.28403,,495.2884342,,,,,,
59.573353,85.29355,484.56683,,495.6097122,,,,,,
60.301315,85.22471,484.66635,,495.7831891,,,,,,
60.74348,85.08932,485.1394,,496.2763345,,,,,,
61.46806,85.35171,485.234,,496.5030428,,,,,,
61.848343,85.32824,485.4206,,496.7285828,,,,,,
61.85286,85.154144,485.691,,496.9635319,,,,,,
61.88452,85.17661,485.96698,,497.2410425,,,,,,
61.916195,85.19909,486.24304,,497.5186369,,,,,,
61.97051,85.59226,486.25412,,497.6037061,,,,,,
62.410736,85.62973,486.454,,497.8604671,,,,,,
62.732475,85.38707,486.35794,,497.7653674,,,,,,
62.347134,85.742485,486.1695,,497.5939324,,,,,,
62.664234,85.67373,485.8037,,497.2645465,,,,,,
62.60485,85.45502,485.5226,,496.9447885,,,,,,
62.894066,85.190384,485.152,,496.5737892,,,,,,
62.948734,85.582695,485.1632,,496.6591099,,,,,,
62.916954,85.71756,485.15445,,496.6697933,,,,,,
62.916954,85.71756,485.15445,,496.6697933,,,,,,
63.174015,85.58771,484.77554,,496.3099198,,,,,,
63.200634,85.62654,484.51505,,496.0655785,,,,,,
63.141006,85.408134,484.23444,,495.7462344,,,,,,
63.770847,85.27166,483.50812,,495.0940103,,,,,,
63.770847,85.27166,483.50812,,495.0940103,,,,,,
63.14036,85.25121,483.96835,,495.459219,,,,,,
63.17266,85.27353,484.24326,,495.7357106,,,,,,
63.17266,85.27353,484.24326,,495.7357106,,,,,,
63.168358,85.60413,484.2401,,495.7890509,,,,,,
63.141006,85.408134,484.23444,,495.7462344,,,,,,
63.173313,85.43053,484.50937,,496.0227541,,,,,,
62.450123,85.32625,484.68185,,496.0817297,,,,,,
62.220043,85.810005,485.3335,,496.7728826,,,,,,
62.220043,85.810005,485.3335,,496.7728826,,,,,,
62.220043,85.810005,485.3335,,496.7728826,,,,,,
62.188286,85.78747,485.05777,,496.4956326,,,,,,
62.220043,85.810005,485.3335,,496.7728826,,,,,,
62.220043,85.810005,485.3335,,496.7728826,,,,,,
62.192684,85.6136,485.32785,,496.7300478,,,,,,
62.220043,85.810005,485.3335,,496.7728826,,,,,,
62.220043,85.810005,485.3335,,496.7728826,,,,,,
62.247597,86.00641,485.3392,,496.8158662,,,,,,
62.215866,85.983864,485.0635,,496.538657,,,,,,
62.165512,85.41716,485.32224,,496.6873451,,,,,,
62.54123,85.56749,485.23837,,496.6784438,,,,,,
62.56856,85.76378,485.244,,496.7212399,,,,,,
62.56856,85.76378,485.244,,496.7212399,,,,,,
62.56856,85.76378,485.244,,496.7212399,,,,,,
62.56856,85.76378,485.244,,496.7212399,,,,,,
62.56856,85.76378,485.244,,496.7212399,,,,,,
62.56856,85.76378,485.244,,496.7212399,,,,,,
62.56856,85.76378,485.244,,496.7212399,,,,,,
62.59609,85.960045,485.2496,,496.7641031,,,,,,
62.220043,85.810005,485.3335,,496.7728826,,,,,,
62.220043,85.810005,485.3335,,496.7728826,,,,,,
62.220043,85.810005,485.3335,,496.7728826,,,,,,
62.220043,85.810005,485.3335,,496.7728826,,,,,,
61.903183,85.72132,485.43185,,496.8140797,,,,,,
61.907272,85.54727,485.70215,,497.0487142,,,,,,
61.907272,85.54727,485.70215,,497.0487142,,,,,,
61.907272,85.54727,485.70215,,497.0487142,,,,,,
61.907272,85.54727,485.70215,,497.0487142,,,,,,
61.907272,85.54727,485.70215,,497.0487142,,,,,,
61.907272,85.54727,485.70215,,497.0487142,,,,,,
61.907272,85.54727,485.70215,,497.0487142,,,,,,
61.903183,85.72132,485.43185,,496.8140797,,,,,,
61.875664,85.52479,485.42618,,496.7712388,,,,,,
61.903183,85.72132,485.43185,,496.8140797,,,,,,
61.907272,85.54727,485.70215,,497.0487142,,,,,,
61.907272,85.54727,485.70215,,497.0487142,,,,,,
61.907272,85.54727,485.70215,,497.0487142,,,,,,
61.87561,85.68228,485.69342,,497.0594959,,,,,,
61.93477,85.74382,485.7078,,497.0915262,,,,,,
61.907272,85.54727,485.70215,,497.0487142,,,,,,
61.907272,85.54727,485.70215,,497.0487142,,,,,,
61.907272,85.54727,485.70215,,497.0487142,,,,,,
61.907272,85.54727,485.70215,,497.0487142,,,,,,
61.907272,85.54727,485.70215,,497.0487142,,,,,,
61.907272,85.54727,485.70215,,497.0487142,,,,,,
61.907272,85.54727,485.70215,,497.0487142,,,,,,
62.28359,85.697556,485.618,,497.0393934,,,,,,
62.28359,85.697556,485.618,,497.0393934,,,,,,
62.28359,85.697556,485.618,,497.0393934,,,,,,
62.28359,85.697556,485.618,,497.0393934,,,,,,
62.28359,85.697556,485.618,,497.0393934,,,,,,
62.25181,85.83256,485.6092,,497.0501095,,,,,,
62.25181,85.83256,485.6092,,497.0501095,,,,,,
61.90298,85.87884,485.69897,,497.1022466,,,,,,
62.25181,85.83256,485.6092,,497.0501095,,,,,,
61.8714,85.85626,485.4231,,496.8248721,,,,,,
61.8714,85.85626,485.4231,,496.8248721,,,,,,
62.25183,85.675095,485.34232,,496.7621965,,,,,,
61.844,85.65971,485.41745,,496.7820116,,,,,,
61.8714,85.85626,485.4231,,496.8248721,,,,,,
61.8714,85.85626,485.4231,,496.8248721,,,,,,
62.220043,85.810005,485.3335,,496.7728826,,,,,,
62.220043,85.810005,485.3335,,496.7728826,,,,,,
61.8714,85.85626,485.4231,,496.8248721,,,,,,
61.8714,85.85626,485.4231,,496.8248721,,,,,,
61.8714,85.85626,485.4231,,496.8248721,,,,,,
61.8714,85.85626,485.4231,,496.8248721,,,,,,
61.844,85.65971,485.41745,,496.7820116,,,,,,
62.192684,85.6136,485.32785,,496.7300478,,,,,,
62.220043,85.810005,485.3335,,496.7728826,,,,,,
62.220043,85.810005,485.3335,,496.7728826,,,,,,
62.220043,85.810005,485.3335,,496.7728826,,,,,,
62.220043,85.810005,485.3335,,496.7728826,,,,,,
62.220043,85.810005,485.3335,,496.7728826,,,,,,
62.56856,85.76378,485.244,,496.7212399,,,,,,
62.56856,85.76378,485.244,,496.7212399,,,,,,
62.56856,85.76378,485.244,,496.7212399,,,,,,
62.56856,85.76378,485.244,,496.7212399,,,,,,
62.54123,85.56749,485.23837,,496.6784438,,,,,,
62.54123,85.56749,485.23837,,496.6784438,,,,,,
62.54123,85.56749,485.23837,,496.6784438,,,,,,
62.56856,85.76378,485.244,,496.7212399,,,,,,
62.192684,85.6136,485.32785,,496.7300478,,,,,,
62.192684,85.6136,485.32785,,496.7300478,,,,,,
62.192684,85.6136,485.32785,,496.7300478,,,,,,
62.192684,85.6136,485.32785,,496.7300478,,,,,,
62.192684,85.6136,485.32785,,496.7300478,,,,,,
62.192684,85.6136,485.32785,,496.7300478,,,,,,
62.192684,85.6136,485.32785,,496.7300478,,,,,,
62.192684,85.6136,485.32785,,496.7300478,,,,,,
62.192684,85.6136,485.32785,,496.7300478,,,,,,
62.192684,85.6136,485.32785,,496.7300478,,,,,,
62.192684,85.6136,485.32785,,496.7300478,,,,,,
62.192684,85.6136,485.32785,,496.7300478,,,,,,
62.600506,85.78628,485.5194,,496.9981861,,,,,,
62.54123,85.56749,485.23837,,496.6784438,,,,,,
62.54123,85.56749,485.23837,,496.6784438,,,,,,
62.54123,85.56749,485.23837,,496.6784438,,,,,,
62.56856,85.76378,485.244,,496.7212399,,,,,,
62.56856,85.76378,485.244,,496.7212399,,,,,,
62.56856,85.76378,485.244,,496.7212399,,,,,,
62.56856,85.76378,485.244,,496.7212399,,,,,,
62.54123,85.56749,485.23837,,496.6784438,,,,,,
62.56856,85.76378,485.244,,496.7212399,,,,,,
62.56856,85.76378,485.244,,496.7212399,,,,,,
62.56856,85.76378,485.244,,496.7212399,,,,,,
62.54123,85.56749,485.23837,,496.6784438,,,,,,
62.54123,85.56749,485.23837,,496.6784438,,,,,,
62.54123,85.56749,485.23837,,496.6784438,,,,,,
62.54123,85.56749,485.23837,,496.6784438,,,,,,
62.50961,85.70239,485.22955,,496.6891052,,,,,,
62.53682,85.89868,485.23517,,496.731927,,,,,,
62.53682,85.89868,485.23517,,496.731927,,,,,,
62.53682,85.89868,485.23517,,496.731927,,,,,,
62.50961,85.70239,485.22955,,496.6891052,,,,,,
62.50961,85.70239,485.22955,,496.6891052,,,,,,
62.50961,85.70239,485.22955,,496.6891052,,,,,,
62.161057,85.74851,485.3191,,496.7408105,,,,,,
62.56856,85.76378,485.244,,496.7212399,,,,,,
62.56856,85.76378,485.244,,496.7212399,,,,,,
62.56856,85.76378,485.244,,496.7212399,,,,,,
62.56856,85.76378,485.244,,496.7212399,,,,,,
62.56856,85.76378,485.244,,496.7212399,,,,,,
62.56856,85.76378,485.244,,496.7212399,,,,,,
62.56856,85.76378,485.244,,496.7212399,,,,,,
62.56856,85.76378,485.244,,496.7212399,,,,,,
62.56856,85.76378,485.244,,496.7212399,,,,,,
62.56856,85.76378,485.244,,496.7212399,,,,,,
62.53663,85.74128,484.9685,,496.4441995,,,,,,
62.54123,85.56749,485.23837,,496.6784438,,,,,,
62.220043,85.810005,485.3335,,496.7728826,,,,,,
62.220043,85.810005,485.3335,,496.7728826,,,,,,
62.220043,85.810005,485.3335,,496.7728826,,,,,,
62.220043,85.810005,485.3335,,496.7728826,,,,,,
62.220043,85.810005,485.3335,,496.7728826,,,,,,
62.192684,85.6136,485.32785,,496.7300478,,,,,,
62.192684,85.6136,485.32785,,496.7300478,,,,,,
62.192684,85.6136,485.32785,,496.7300478,,,,,,
62.192684,85.6136,485.32785,,496.7300478,,,,,,
62.220043,85.810005,485.3335,,496.7728826,,,,,,
62.220043,85.810005,485.3335,,496.7728826,,,,,,
62.220043,85.810005,485.3335,,496.7728826,,,,,,
62.192684,85.6136,485.32785,,496.7300478,,,,,,
62.160896,85.59107,485.05215,,496.4528139,,,,,,
62.160896,85.59107,485.05215,,496.4528139,,,,,,
62.160896,85.59107,485.05215,,496.4528139,,,,,,
62.160896,85.59107,485.05215,,496.4528139,,,,,,
62.160896,85.59107,485.05215,,496.4528139,,,,,,
62.160896,85.59107,485.05215,,496.4528139,,,,,,
62.160896,85.59107,485.05215,,496.4528139,,,,,,
62.160896,85.59107,485.05215,,496.4528139,,,,,,
62.160896,85.59107,485.05215,,496.4528139,,,,,,
62.160896,85.59107,485.05215,,496.4528139,,,,,,
62.477654,85.67983,484.95407,,496.4120673,,,,,,
62.53663,85.74128,484.9685,,496.4441995,,,,,,
62.53663,85.74128,484.9685,,496.4441995,,,,,,
62.53663,85.74128,484.9685,,496.4441995,,,,,,
62.53663,85.74128,484.9685,,496.4441995,,,,,,
62.50927,85.545006,484.96283,,496.4013531,,,,,,
62.88964,85.52141,485.1488,,496.6269994,,,,,,
62.793247,85.45408,484.3232,,495.7966859,,,,,,
63.109398,85.54275,484.22562,,495.7568046,,,,,,
63.83169,85.646614,484.05374,,495.6993548,,,,,,
63.771885,85.428474,483.77365,,495.380482,,,,,,
64.15192,85.40495,483.95947,,495.606944,,,,,,
64.14624,85.57819,483.69083,,495.3737839,,,,,,
64.11908,85.38261,483.6852,,495.3310198,,,,,,
64.14624,85.57819,483.69083,,495.3737839,,,,,,
64.15192,85.40495,483.95947,,495.606944,,,,,,
64.092125,85.18698,483.6797,,495.2884758,,,,,,
64.124985,85.20932,483.95392,,495.5643637,,,,,,
64.46616,85.33675,483.5968,,495.2818507,,,,,,
64.75951,84.90016,483.49738,,495.1480059,,,,,,
65.05989,85.17839,482.59958,,494.3586775,,,,,,
65.05989,85.17839,482.59958,,494.3586775,,,,,,
65.05371,85.35134,482.3318,,494.1263014,,,,,,
65.08108,85.5465,482.33752,,494.169236,,,,,,
65.395195,85.634705,482.24112,,494.1318974,,,,,,
65.427,85.5006,482.25012,,494.1216684,,,,,,
65.427,85.5006,482.25012,,494.1216684,,,,,,
65.77281,85.45471,482.16272,,494.0743452,,,,,,
65.64653,85.34944,481.6022,,493.492323,,,,,,
65.612885,85.32721,481.32928,,493.2176591,,,,,,
65.67375,85.54433,481.6079,,493.5352502,,,,,,
65.67375,85.54433,481.6079,,493.5352502,,,,,,
65.64014,85.52209,481.33502,,493.2606383,,,,,,
65.66757,85.71696,481.3408,,493.303753,,,,,,
65.63399,85.69471,481.068,,493.029233,,,,,,
65.60209,85.828514,481.0589,,493.0393831,,,,,,
65.97454,85.97735,480.97815,,493.0362313,,,,,,
66.25795,85.71454,480.61362,,492.6728631,,,,,,
66.25155,85.88688,480.3471,,492.4420377,,,,,,
66.21765,85.864624,480.07483,,492.1680132,,,,,,
66.21765,85.864624,480.07483,,492.1680132,,,,,,
66.21765,85.864624,480.07483,,492.1680132,,,,,,
66.18377,85.842384,479.80255,,491.8939858,,,,,,
66.18377,85.842384,479.80255,,491.8939858,,,,,,
66.156204,85.64784,479.79678,,491.8507354,,,,,,
66.1499,85.820145,479.53033,,491.6200199,,,,,,
66.1499,85.820145,479.53033,,491.6200199,,,,,,
66.1499,85.820145,479.53033,,491.6200199,,,,,,
66.1499,85.820145,479.53033,,491.6200199,,,,,,
66.1499,85.820145,479.53033,,491.6200199,,,,,,
66.1499,85.820145,479.53033,,491.6200199,,,,,,
66.116035,85.79791,479.2582,,491.3461445,,,,,,
66.116035,85.79791,479.2582,,491.3461445,,,,,,
66.116035,85.79791,479.2582,,491.3461445,,,,,,
66.42562,85.72998,478.90115,,491.0278036,,,,,,
66.398,85.5356,478.8953,,490.9844617,,,,,,
66.42562,85.72998,478.90115,,491.0278036,,,,,,
66.42562,85.72998,478.90115,,491.0278036,,,,,,
66.363945,85.51341,478.62338,,490.7107665,,,,,,
66.391594,85.70779,478.62924,,490.7541323,,,,,,
66.3299,85.49124,478.3515,,490.4371166,,,,,,
66.70055,85.64001,478.273,,490.4367821,,,,,,
66.73258,85.50697,478.28232,,490.4270147,,,,,,
66.70055,85.64001,478.273,,490.4367821,,,,,,
66.67291,85.44577,478.26718,,490.3934665,,,,,,
66.638695,85.42363,477.99554,,490.1200348,,,,,,
66.638695,85.42363,477.99554,,490.1200348,,,,,,
66.638695,85.42363,477.99554,,490.1200348,,,,,,
66.263985,85.60203,478.0704,,490.1733679,,,,,,
66.263985,85.60203,478.0704,,490.1733679,,,,,,
66.29586,85.469055,478.07965,,490.1634953,,,,,,
66.29586,85.469055,478.07965,,490.1634953,,,,,,
66.29586,85.469055,478.07965,,490.1634953,,,,,,
66.638695,85.42363,477.99554,,490.1200348,,,,,,
66.638695,85.42363,477.99554,,490.1200348,,,,,,
66.638695,85.42363,477.99554,,490.1200348,,,,,,
66.638695,85.42363,477.99554,,490.1200348,,,,,,
66.638695,85.42363,477.99554,,490.1200348,,,,,,
66.638695,85.42363,477.99554,,490.1200348,,,,,,
66.638695,85.42363,477.99554,,490.1200348,,,,,,
66.604485,85.4015,477.72394,,489.8466459,,,,,,
66.604485,85.4015,477.72394,,489.8466459,,,,,,
66.604485,85.4015,477.72394,,489.8466459,,,,,,
66.604485,85.4015,477.72394,,489.8466459,,,,,,
66.604485,85.4015,477.72394,,489.8466459,,,,,,
66.26183,85.44688,477.8078,,489.8898786,,,,,,
66.604485,85.4015,477.72394,,489.8466459,,,,,,
66.604485,85.4015,477.72394,,489.8466459,,,,,,
66.604485,85.4015,477.72394,,489.8466459,,,,,,
66.604485,85.4015,477.72394,,489.8466459,,,,,,
66.604485,85.4015,477.72394,,489.8466459,,,,,,
66.604485,85.4015,477.72394,,489.8466459,,,,,,
66.604485,85.4015,477.72394,,489.8466459,,,,,,
66.604485,85.4015,477.72394,,489.8466459,,,,,,
66.63218,85.59572,477.7298,,489.8900249,,,,,,
66.604485,85.4015,477.72394,,489.8466459,,,,,,
66.604485,85.4015,477.72394,,489.8466459,,,,,,
66.26183,85.44688,477.8078,,489.8898786,,,,,,
66.26183,85.44688,477.8078,,489.8898786,,,,,,
66.26183,85.44688,477.8078,,489.8898786,,,,,,
66.26183,85.44688,477.8078,,489.8898786,,,,,,
66.28956,85.64123,477.81378,,489.9333979,,,,,,
66.604485,85.4015,477.72394,,489.8466459,,,,,,
66.604485,85.4015,477.72394,,489.8466459,,,,,,
66.63218,85.59572,477.7298,,489.8900249,,,,,,
66.63218,85.59572,477.7298,,489.8900249,,,,,,
66.63218,85.59572,477.7298,,489.8900249,,,,,,
66.57029,85.379364,477.45233,,489.5732496,,,,,,
66.598015,85.57358,477.45828,,489.61673,,,,,,
66.57029,85.379364,477.45233,,489.5732496,,,,,,
66.57029,85.379364,477.45233,,489.5732496,,,,,,
66.57029,85.379364,477.45233,,489.5732496,,,,,,
66.57029,85.379364,477.45233,,489.5732496,,,,,,
66.57029,85.379364,477.45233,,489.5732496,,,,,,
66.598015,85.57358,477.45828,,489.61673,,,,,,
66.598015,85.57358,477.45828,,489.61673,,,,,,
66.598015,85.57358,477.45828,,489.61673,,,,,,
66.598015,85.57358,477.45828,,489.61673,,,,,,
66.598015,85.57358,477.45828,,489.61673,,,,,,
66.598015,85.57358,477.45828,,489.61673,,,,,,
66.598015,85.57358,477.45828,,489.61673,,,,,,
66.598015,85.57358,477.45828,,489.61673,,,,,,
66.598015,85.57358,477.45828,,489.61673,,,,,,
66.598015,85.57358,477.45828,,489.61673,,,,,,
66.598015,85.57358,477.45828,,489.61673,,,,,,
66.598015,85.57358,477.45828,,489.61673,,,,,,
66.598015,85.57358,477.45828,,489.61673,,,,,,
66.63218,85.59572,477.7298,,489.8900249,,,,,,
66.63218,85.59572,477.7298,,489.8900249,,,,,,
66.63218,85.59572,477.7298,,489.8900249,,,,,,
66.63218,85.59572,477.7298,,489.8900249,,,,,,
66.63218,85.59572,477.7298,,489.8900249,,,,,,
66.60019,85.72861,477.72055,,489.8998916,,,,,,
66.598015,85.57358,477.45828,,489.61673,,,,,,
66.63218,85.59572,477.7298,,489.8900249,,,,,,
66.63218,85.59572,477.7298,,489.8900249,,,,,,
66.63218,85.59572,477.7298,,489.8900249,,,,,,
66.63218,85.59572,477.7298,,489.8900249,,,,,,
66.63218,85.59572,477.7298,,489.8900249,,,,,,
66.63218,85.59572,477.7298,,489.8900249,,,,,,
66.63218,85.59572,477.7298,,489.8900249,,,,,,
66.63218,85.59572,477.7298,,489.8900249,,,,,,
66.63218,85.59572,477.7298,,489.8900249,,,,,,
66.63218,85.59572,477.7298,,489.8900249,,,,,,
66.63218,85.59572,477.7298,,489.8900249,,,,,,
66.63218,85.59572,477.7298,,489.8900249,,,,,,
66.63218,85.59572,477.7298,,489.8900249,,,,,,
66.63218,85.59572,477.7298,,489.8900249,,,,,,
66.63218,85.59572,477.7298,,489.8900249,,,,,,
66.63218,85.59572,477.7298,,489.8900249,,,,,,
66.63218,85.59572,477.7298,,489.8900249,,,,,,
66.63218,85.59572,477.7298,,489.8900249,,,,,,
66.63218,85.59572,477.7298,,489.8900249,,,,,,
66.63218,85.59572,477.7298,,489.8900249,,,,,,
66.63218,85.59572,477.7298,,489.8900249,,,,,,
66.63218,85.59572,477.7298,,489.8900249,,,,,,
66.63218,85.59572,477.7298,,489.8900249,,,,,,
66.63218,85.59572,477.7298,,489.8900249,,,,,,
66.63218,85.59572,477.7298,,489.8900249,,,,,,
66.63218,85.59572,477.7298,,489.8900249,,,,,,
66.63218,85.59572,477.7298,,489.8900249,,,,,,
66.63218,85.59572,477.7298,,489.8900249,,,,,,
66.63218,85.59572,477.7298,,489.8900249,,,,,,
66.63218,85.59572,477.7298,,489.8900249,,,,,,
66.63218,85.59572,477.7298,,489.8900249,,,,,,
66.63218,85.59572,477.7298,,489.8900249,,,,,,
66.63218,85.59572,477.7298,,489.8900249,,,,,,
66.97469,85.550224,477.64597,,489.84704,,,,,,
66.97469,85.550224,477.64597,,489.84704,,,,,,
66.94702,85.35613,477.64005,,489.8036237,,,,,,
67.00905,85.572334,477.91733,,490.120201,,,,,,
67.00905,85.572334,477.91733,,490.120201,,,,,,
67.38615,85.548874,478.10446,,490.3502602,,,,,,
67.35161,85.52681,477.83322,,490.0771987,,,,,,
67.35161,85.52681,477.83322,,490.0771987,,,,,,
67.35161,85.52681,477.83322,,490.0771987,,,,,,
67.35161,85.52681,477.83322,,490.0771987,,,,,,
67.35161,85.52681,477.83322,,490.0771987,,,,,,
67.35161,85.52681,477.83322,,490.0771987,,,,,,
67.35161,85.52681,477.83322,,490.0771987,,,,,,
67.35161,85.52681,477.83322,,490.0771987,,,,,,
67.35161,85.52681,477.83322,,490.0771987,,,,,,
67.35161,85.52681,477.83322,,490.0771987,,,,,,
67.00905,85.572334,477.91733,,490.120201,,,,,,
67.35161,85.52681,477.83322,,490.0771987,,,,,,
67.31708,85.50474,477.5621,,489.804256,,,,,,
67.31962,85.65973,477.82397,,490.0869993,,,,,,
66.942696,85.68308,477.63663,,489.8567802,,,,,,
66.97705,85.70527,477.90805,,490.130006,,,,,,
67.00905,85.572334,477.91733,,490.120201,,,,,,
67.00905,85.572334,477.91733,,490.120201,,,,,,
67.00905,85.572334,477.91733,,490.120201,,,,,,
66.981415,85.37823,477.91144,,490.0768272,,,,,,
67.35161,85.52681,477.83322,,490.0771987,,,,,,
67.35161,85.52681,477.83322,,490.0771987,,,,,,
67.35161,85.52681,477.83322,,490.0771987,,,,,,
67.00905,85.572334,477.91733,,490.120201,,,,,,
67.00905,85.572334,477.91733,,490.120201,,,,,,
67.00905,85.572334,477.91733,,490.120201,,,,,,
67.35161,85.52681,477.83322,,490.0771987,,,,,,
67.35161,85.52681,477.83322,,490.0771987,,,,,,
67.35161,85.52681,477.83322,,490.0771987,,,,,,
67.35161,85.52681,477.83322,,490.0771987,,,,,,
67.35161,85.52681,477.83322,,490.0771987,,,,,,
67.35161,85.52681,477.83322,,490.0771987,,,,,,
67.35161,85.52681,477.83322,,490.0771987,,,,,,
67.35161,85.52681,477.83322,,490.0771987,,,,,,
67.35161,85.52681,477.83322,,490.0771987,,,,,,
67.35161,85.52681,477.83322,,490.0771987,,,,,,
67.35161,85.52681,477.83322,,490.0771987,,,,,,
67.35161,85.52681,477.83322,,490.0771987,,,,,,
67.324,85.33283,477.82736,,490.0338752,,,,,,
67.35161,85.52681,477.83322,,490.0771987,,,,,,
67.35161,85.52681,477.83322,,490.0771987,,,,,,
67.35161,85.52681,477.83322,,490.0771987,,,,,,
67.35161,85.52681,477.83322,,490.0771987,,,,,,
67.324,85.33283,477.82736,,490.0338752,,,,,,
67.29214,85.46574,477.8181,,490.0436322,,,,,,
67.31962,85.65973,477.82397,,490.0869993,,,,,,
67.31962,85.65973,477.82397,,490.0869993,,,,,,
67.31962,85.65973,477.82397,,490.0869993,,,,,,
67.31962,85.65973,477.82397,,490.0869993,,,,,,
67.29214,85.46574,477.8181,,490.0436322,,,,,,
67.324,85.33283,477.82736,,490.0338752,,,,,,
67.324,85.33283,477.82736,,490.0338752,,,,,,
67.35161,85.52681,477.83322,,490.0771987,,,,,,
67.35161,85.52681,477.83322,,490.0771987,,,,,,
67.35161,85.52681,477.83322,,490.0771987,,,,,,
67.324,85.33283,477.82736,,490.0338752,,,,,,
67.29214,85.46574,477.8181,,490.0436322,,,,,,
67.31962,85.65973,477.82397,,490.0869993,,,,,,
67.31962,85.65973,477.82397,,490.0869993,,,,,,
67.31962,85.65973,477.82397,,490.0869993,,,,,,
67.31962,85.65973,477.82397,,490.0869993,,,,,,
67.35161,85.52681,477.83322,,490.0771987,,,,,,
67.31962,85.65973,477.82397,,490.0869993,,,,,,
67.28509,85.63759,477.5528,,489.8140024,,,,,,
67.28509,85.63759,477.5528,,489.8140024,,,,,,
67.25758,85.4436,477.54694,,489.7706308,,,,,,
67.324,85.33283,477.82736,,490.0338752,,,,,,
67.29214,85.46574,477.8181,,490.0436322,,,,,,
67.35161,85.52681,477.83322,,490.0771987,,,,,,
67.324,85.33283,477.82736,,490.0338752,,,,,,
67.324,85.33283,477.82736,,490.0338752,,,,,,
67.29214,85.46574,477.8181,,490.0436322,,,,,,
67.29214,85.46574,477.8181,,490.0436322,,,,,,
67.324,85.33283,477.82736,,490.0338752,,,,,,
67.324,85.33283,477.82736,,490.0338752,,,,,,
67.324,85.33283,477.82736,,490.0338752,,,,,,
67.324,85.33283,477.82736,,490.0338752,,,,,,
66.981415,85.37823,477.91144,,490.0768272,,,,,,
66.981415,85.37823,477.91144,,490.0768272,,,,,,
66.638695,85.42363,477.99554,,490.1200348,,,,,,
66.981415,85.37823,477.91144,,490.0768272,,,,,,
67.324,85.33283,477.82736,,490.0338752,,,,,,
67.324,85.33283,477.82736,,490.0338752,,,,,,
67.289444,85.310776,477.5562,,489.7608824,,,,,,
67.289444,85.310776,477.5562,,489.7608824,,,,,,
67.2549,85.28873,477.2851,,489.4879526,,,,,,
67.62892,85.110695,477.21075,,489.4360031,,,,,,
67.62892,85.110695,477.21075,,489.4360031,,,,,,
67.589966,85.41524,476.93652,,489.2163232,,,,,,
67.56231,85.22141,476.9306,,489.1729261,,,,,,
67.56231,85.22141,476.9306,,489.1729261,,,,,,
67.90413,85.17617,476.84726,,489.1311278,,,,,,
67.90413,85.17617,476.84726,,489.1311278,,,,,,
68.21079,85.10902,476.49356,,488.8173175,,,,,,
68.55222,85.06385,476.41052,,488.7762771,,,,,,
68.54462,85.23539,476.14627,,488.5475484,,,,,,
68.85035,85.16829,475.79355,,488.2350976,,,,,,
69.155624,85.101295,475.44135,,487.9233629,,,,,,
69.12366,85.23356,475.43198,,487.9327902,,,,,,
69.76871,85.12147,474.9982,,487.5824315,,,,,,
69.73285,85.09966,474.729,,487.3112413,,,,,,
69.65681,85.380844,474.1873,,486.8218927,,,,,,
69.65681,85.380844,474.1873,,486.8218927,,,,,,
69.65307,85.2271,473.92773,,486.5415727,,,,,,
69.58519,85.337074,473.64917,,486.2798074,,,,,,
69.61726,85.20529,473.6587,,486.2705712,,,,,,
69.581474,85.18348,473.38968,,485.9995843,,,,,,
69.581474,85.18348,473.38968,,485.9995843,,,,,,
69.88035,85.44105,473.0367,,485.7439201,,,,,,
70.255196,85.41781,473.2248,,485.9770634,,,,,,
70.55772,85.35095,472.8758,,485.6693307,,,,,,
70.521454,85.32918,472.60748,,485.3989849,,,,,,
70.75907,85.04847,471.9851,,484.7783234,,,,,,
71.08822,85.174164,471.64365,,484.5161564,,,,,,
71.04317,85.322914,471.11435,,484.0205186,,,,,,
71.04317,85.322914,471.11435,,484.0205186,,,,,,
71.01506,85.130806,471.1082,,483.976579,,,,,,
71.04317,85.322914,471.11435,,484.0205186,,,,,,
71.38039,85.27803,471.03525,,483.9852366,,,,,,
71.38039,85.27803,471.03525,,483.9852366,,,,,,
71.64833,85.34255,470.6792,,483.689718,,,,,,
71.61145,85.32087,470.41196,,483.4203789,,,,,,
71.54659,85.10734,470.13855,,483.1070586,,,,,,
71.53772,85.2775,469.87756,,482.8817855,,,,,,
71.509705,85.08566,469.87137,,482.8377696,,,,,,
71.509705,85.08566,469.87137,,482.8377696,,,,,,
71.509705,85.08566,469.87137,,482.8377696,,,,,,
71.53772,85.2775,469.87756,,482.8817855,,,,,,
71.53772,85.2775,469.87756,,482.8817855,,,,,,
71.20129,85.32223,469.95578,,482.9160815,,,,,,
71.20129,85.32223,469.95578,,482.9160815,,,,,,
71.20129,85.32223,469.95578,,482.9160815,,,,,,
71.237976,85.34395,470.22318,,483.1855524,,,,,,
71.237976,85.34395,470.22318,,483.1855524,,,,,,
71.237976,85.34395,470.22318,,483.1855524,,,,,,
71.237976,85.34395,470.22318,,483.1855524,,,,,,
71.237976,85.34395,470.22318,,483.1855524,,,,,,
71.237976,85.34395,470.22318,,483.1855524,,,,,,
71.237976,85.34395,470.22318,,483.1855524,,,,,,
71.27467,85.36567,470.4906,,483.4550454,,,,,,
71.27467,85.36567,470.4906,,483.4550454,,,,,,
71.237976,85.34395,470.22318,,483.1855524,,,,,,
71.27467,85.36567,470.4906,,483.4550454,,,,,,
71.27467,85.36567,470.4906,,483.4550454,,,,,,
71.27467,85.36567,470.4906,,483.4550454,,,,,,
71.311386,85.3874,470.75806,,483.7245837,,,,,,
71.311386,85.3874,470.75806,,483.7245837,,,,,,
71.311386,85.3874,470.75806,,483.7245837,,,,,,
71.311386,85.3874,470.75806,,483.7245837,,,,,,
71.311386,85.3874,470.75806,,483.7245837,,,,,,
71.311386,85.3874,470.75806,,483.7245837,,,,,,
71.311386,85.3874,470.75806,,483.7245837,,,,,,
71.376236,85.6011,471.03177,,484.0382668,,,,,,
71.376236,85.6011,471.03177,,484.0382668,,,,,,
71.71332,85.55608,470.95267,,484.0031616,,,,,,
71.71332,85.55608,470.95267,,484.0031616,,,,,,
71.71332,85.55608,470.95267,,484.0031616,,,,,,
71.71332,85.55608,470.95267,,484.0031616,,,,,,
71.71332,85.55608,470.95267,,484.0031616,,,,,,
71.71332,85.55608,470.95267,,484.0031616,,,,,,
71.71332,85.55608,470.95267,,484.0031616,,,,,,
71.71332,85.55608,470.95267,,484.0031616,,,,,,
71.71332,85.55608,470.95267,,484.0031616,,,,,,
71.71332,85.55608,470.95267,,484.0031616,,,,,,
72.07855,85.702805,470.87985,,484.0125218,,,,,,
72.01327,85.48945,470.60663,,483.6992426,,,,,,
72.05029,85.5111,470.87366,,483.9683835,,,,,,
72.05029,85.5111,470.87366,,483.9683835,,,,,,
72.05029,85.5111,470.87366,,483.9683835,,,,,,
72.05029,85.5111,470.87366,,483.9683835,,,,,,
72.05029,85.5111,470.87366,,483.9683835,,,,,,
72.05029,85.5111,470.87366,,483.9683835,,,,,,
71.71332,85.55608,470.95267,,484.0031616,,,,,,
71.71332,85.55608,470.95267,,484.0031616,,,,,,
71.71332,85.55608,470.95267,,484.0031616,,,,,,
71.71332,85.55608,470.95267,,484.0031616,,,,,,
71.741615,85.747925,470.9589,,484.0473649,,,,,,
71.741615,85.747925,470.9589,,484.0473649,,,,,,
71.741615,85.747925,470.9589,,484.0473649,,,,,,
71.741615,85.747925,470.9589,,484.0473649,,,,,,
71.741615,85.747925,470.9589,,484.0473649,,,,,,
71.71332,85.55608,470.95267,,484.0031616,,,,,,
71.71332,85.55608,470.95267,,484.0031616,,,,,,
71.741615,85.747925,470.9589,,484.0473649,,,,,,
71.741615,85.747925,470.9589,,484.0473649,,,,,,
71.741615,85.747925,470.9589,,484.0473649,,,,,,
71.71332,85.55608,470.95267,,484.0031616,,,,,,
71.68094,85.68719,470.94296,,484.0121107,,,,,,
71.68094,85.68719,470.94296,,484.0121107,,,,,,
71.68094,85.68719,470.94296,,484.0121107,,,,,,
71.68094,85.68719,470.94296,,484.0121107,,,,,,
71.68094,85.68719,470.94296,,484.0121107,,,,,,
71.68094,85.68719,470.94296,,484.0121107,,,,,,
71.68094,85.68719,470.94296,,484.0121107,,,,,,
71.717804,85.70896,471.21024,,484.2814879,,,,,,
71.68094,85.68719,470.94296,,484.0121107,,,,,,
71.68094,85.68719,470.94296,,484.0121107,,,,,,
71.68094,85.68719,470.94296,,484.0121107,,,,,,
71.68094,85.68719,470.94296,,484.0121107,,,,,,
71.68094,85.68719,470.94296,,484.0121107,,,,,,
72.01791,85.64217,470.86386,,483.9772053,,,,,,
72.01791,85.64217,470.86386,,483.9772053,,,,,,
72.01791,85.64217,470.86386,,483.9772053,,,,,,
72.01791,85.64217,470.86386,,483.9772053,,,,,,
72.01791,85.64217,470.86386,,483.9772053,,,,,,
72.01791,85.64217,470.86386,,483.9772053,,,,,,
71.70911,85.87903,470.94913,,484.0562853,,,,,,
71.70911,85.87903,470.94913,,484.0562853,,,,,,
71.70911,85.87903,470.94913,,484.0562853,,,,,,
71.68094,85.68719,470.94296,,484.0121107,,,,,,
71.68094,85.68719,470.94296,,484.0121107,,,,,,
71.68094,85.68719,470.94296,,484.0121107,,,,,,
71.68094,85.68719,470.94296,,484.0121107,,,,,,
71.68094,85.68719,470.94296,,484.0121107,,,,,,
71.68094,85.68719,470.94296,,484.0121107,,,,,,
71.68094,85.68719,470.94296,,484.0121107,,,,,,
71.68094,85.68719,470.94296,,484.0121107,,,,,,
71.68094,85.68719,470.94296,,484.0121107,,,,,,
71.68094,85.68719,470.94296,,484.0121107,,,,,,
71.68094,85.68719,470.94296,,484.0121107,,,,,,
71.68094,85.68719,470.94296,,484.0121107,,,,,,
71.68094,85.68719,470.94296,,484.0121107,,,,,,
71.68094,85.68719,470.94296,,484.0121107,,,,,,
71.68094,85.68719,470.94296,,484.0121107,,,,,,
71.68094,85.68719,470.94296,,484.0121107,,,,,,
71.68094,85.68719,470.94296,,484.0121107,,,,,,
71.68094,85.68719,470.94296,,484.0121107,,,,,,
71.68094,85.68719,470.94296,,484.0121107,,,,,,
71.68094,85.68719,470.94296,,484.0121107,,,,,,
71.68094,85.68719,470.94296,,484.0121107,,,,,,
71.68094,85.68719,470.94296,,484.0121107,,,,,,
71.68094,85.68719,470.94296,,484.0121107,,,,,,
71.68094,85.68719,470.94296,,484.0121107,,,,,,
71.68094,85.68719,470.94296,,484.0121107,,,,,,
71.68094,85.68719,470.94296,,484.0121107,,,,,,
71.68094,85.68719,470.94296,,484.0121107,,,,,,
71.68094,85.68719,470.94296,,484.0121107,,,,,,
71.68094,85.68719,470.94296,,484.0121107,,,,,,
71.68094,85.68719,470.94296,,484.0121107,,,,,,
71.68094,85.68719,470.94296,,484.0121107,,,,,,
71.65296,85.495316,470.93677,,483.9680124,,,,,,
71.65296,85.495316,470.93677,,483.9680124,,,,,,
71.68094,85.68719,470.94296,,484.0121107,,,,,,
71.68094,85.68719,470.94296,,484.0121107,,,,,,
71.68094,85.68719,470.94296,,484.0121107,,,,,,
71.68094,85.68719,470.94296,,484.0121107,,,,,,
71.68094,85.68719,470.94296,,484.0121107,,,,,,
71.68094,85.68719,470.94296,,484.0121107,,,,,,
71.65296,85.495316,470.93677,,483.9680124,,,,,,
71.65296,85.495316,470.93677,,483.9680124,,,,,,
71.68094,85.68719,470.94296,,484.0121107,,,,,,
71.65296,85.495316,470.93677,,483.9680124,,,,,,
71.68094,85.68719,470.94296,,484.0121107,,,,,,
71.65296,85.495316,470.93677,,483.9680124,,,,,,
71.65296,85.495316,470.93677,,483.9680124,,,,,,
71.65296,85.495316,470.93677,,483.9680124,,,,,,
71.65296,85.495316,470.93677,,483.9680124,,,,,,
71.65296,85.495316,470.93677,,483.9680124,,,,,,
71.65296,85.495316,470.93677,,483.9680124,,,,,,
71.65296,85.495316,470.93677,,483.9680124,,,,,,
71.68094,85.68719,470.94296,,484.0121107,,,,,,
71.61607,85.47356,470.66946,,483.6985957,,,,,,
71.64408,85.66542,470.67566,,483.742716,,,,,,
71.68094,85.68719,470.94296,,484.0121107,,,,,,
71.68094,85.68719,470.94296,,484.0121107,,,,,,
71.68094,85.68719,470.94296,,484.0121107,,,,,,
71.68094,85.68719,470.94296,,484.0121107,,,,,,
71.68094,85.68719,470.94296,,484.0121107,,,,,,
71.68094,85.68719,470.94296,,484.0121107,,,,,,
71.68094,85.68719,470.94296,,484.0121107,,,,,,
71.68094,85.68719,470.94296,,484.0121107,,,,,,
71.68094,85.68719,470.94296,,484.0121107,,,,,,
71.68094,85.68719,470.94296,,484.0121107,,,,,,
71.68094,85.68719,470.94296,,484.0121107,,,,,,
71.68094,85.68719,470.94296,,484.0121107,,,,,,
71.68094,85.68719,470.94296,,484.0121107,,,,,,
71.68094,85.68719,470.94296,,484.0121107,,,,,,
71.68094,85.68719,470.94296,,484.0121107,,,,,,
71.65296,85.495316,470.93677,,483.9680124,,,,,,
71.65296,85.495316,470.93677,,483.9680124,,,,,,
71.65296,85.495316,470.93677,,483.9680124,,,,,,
71.65296,85.495316,470.93677,,483.9680124,,,,,,
71.65296,85.495316,470.93677,,483.9680124,,,,,,
71.65296,85.495316,470.93677,,483.9680124,,,,,,
71.71332,85.55608,470.95267,,484.0031616,,,,,,
71.71332,85.55608,470.95267,,484.0031616,,,,,,
71.6852,85.36424,470.94644,,483.9590589,,,,,,
71.6852,85.36424,470.94644,,483.9590589,,,,,,
71.6852,85.36424,470.94644,,483.9590589,,,,,,
71.6852,85.36424,470.94644,,483.9590589,,,,,,
71.6852,85.36424,470.94644,,483.9590589,,,,,,
71.6852,85.36424,470.94644,,483.9590589,,,,,,
71.6852,85.36424,470.94644,,483.9590589,,,,,,
71.71332,85.55608,470.95267,,484.0031616,,,,,,
71.68094,85.68719,470.94296,,484.0121107,,,,,,
72.01791,85.64217,470.86386,,483.9772053,,,,,,
71.68094,85.68719,470.94296,,484.0121107,,,,,,
71.68094,85.68719,470.94296,,484.0121107,,,,,,
71.68094,85.68719,470.94296,,484.0121107,,,,,,
71.68094,85.68719,470.94296,,484.0121107,,,,,,
71.68094,85.68719,470.94296,,484.0121107,,,,,,
71.68094,85.68719,470.94296,,484.0121107,,,,,,
71.68094,85.68719,470.94296,,484.0121107,,,,,,
71.68094,85.68719,470.94296,,484.0121107,,,,,,
71.68094,85.68719,470.94296,,484.0121107,,,,,,
71.68094,85.68719,470.94296,,484.0121107,,,,,,
71.68094,85.68719,470.94296,,484.0121107,,,,,,
71.68094,85.68719,470.94296,,484.0121107,,,,,,
71.67646,85.53439,470.68542,,483.7338229,,,,,,
71.67646,85.53439,470.68542,,483.7338229,,,,,,
71.67646,85.53439,470.68542,,483.7338229,,,,,,
71.6852,85.36424,470.94644,,483.9590589,,,,,,
71.6852,85.36424,470.94644,,483.9590589,,,,,,
71.71332,85.55608,470.95267,,484.0031616,,,,,,
71.71332,85.55608,470.95267,,484.0031616,,,,,,
71.71332,85.55608,470.95267,,484.0031616,,,,,,
71.71332,85.55608,470.95267,,484.0031616,,,,,,
71.71332,85.55608,470.95267,,484.0031616,,,,,,
71.71332,85.55608,470.95267,,484.0031616,,,,,,
71.71332,85.55608,470.95267,,484.0031616,,,,,,
71.6852,85.36424,470.94644,,483.9590589,,,,,,
71.71332,85.55608,470.95267,,484.0031616,,,,,,
71.67646,85.53439,470.68542,,483.7338229,,,,,,
71.63962,85.5127,470.4182,,483.4645177,,,,,,
71.60722,85.64364,470.4084,,483.47336,,,,,,
71.27048,85.68859,470.48706,,483.5081069,,,,,,
71.27048,85.68859,470.48706,,483.5081069,,,,,,
71.20572,85.474815,470.2134,,483.1944123,,,,,,
71.16902,85.453026,469.94595,,482.9248854,,,,,,
71.16902,85.453026,469.94595,,482.9248854,,,,,,
71.160484,85.62318,469.68484,,482.6996917,,,,,,
71.45989,85.55659,469.3397,,482.3963101,,,,,,
71.35808,85.321266,468.7992,,481.8136403,,,,,,
71.69373,85.276695,468.72192,,481.7803897,,,,,,
71.58752,85.363594,468.17838,,481.251194,,,,,,
71.51834,85.47205,467.90155,,480.9908573,,,,,,
71.80709,85.57547,467.29803,,480.4652621,,,,,,
72.10438,85.50918,466.9555,,480.164868,,,,,,
72.3315,85.55109,466.33743,,479.6054978,,,,,,
72.59016,85.46316,465.73022,,479.038538,,,,,,
72.14958,85.59337,465.2632,,478.5411499,,,,,,
72.43573,85.69653,464.6635,,478.0198725,,,,,,
72.360695,85.65284,464.13217,,477.4841886,,,,,,
72.285675,85.609146,463.60092,,476.9485902,,,,,,
71.91623,85.631386,463.40848,,476.7096577,,,,,,
71.878914,85.60952,463.14273,,476.4417662,,,,,,
71.841606,85.58764,462.87698,,476.1738748,,,,,,
71.77593,85.37465,462.60477,,475.8611018,,,,,,
71.767006,85.54389,462.34555,,475.6381691,,,,,,
71.72973,85.522026,462.0799,,475.3703873,,,,,,
72.06083,85.47814,462.0078,,475.3424901,,,,,,
71.692444,85.50016,461.81427,,475.1026246,,,,,,
71.655174,85.478294,461.54868,,474.8349047,,,,,,
71.655174,85.478294,461.54868,,474.8349047,,,,,,
71.655174,85.478294,461.54868,,474.8349047,,,,,,
71.655174,85.478294,461.54868,,474.8349047,,,,,,
71.68385,85.669365,461.5553,,474.8801,,,,,,
71.655174,85.478294,461.54868,,474.8349047,,,,,,
71.68385,85.669365,461.5553,,474.8801,,,,,,
71.68385,85.669365,461.5553,,474.8801,,,,,,
71.68385,85.669365,461.5553,,474.8801,,,,,,
71.68385,85.669365,461.5553,,474.8801,,,,,,
72.01459,85.62543,461.48352,,474.8524557,,,,,,
72.37778,85.45305,461.42224,,474.8170704,,,,,,
72.01459,85.62543,461.48352,,474.8524557,,,,,,
72.307655,85.559715,461.14673,,474.5578662,,,,,,
72.307655,85.559715,461.14673,,474.5578662,,,,,,
73.00617,85.4937,461.26852,,474.7712303,,,,,,
73.00617,85.4937,461.26852,,474.7712303,,,,,,
73.666725,85.40596,461.12527,,474.7183154,,,,,,
73.70497,85.427605,461.38965,,474.9849549,,,,,,
74.035255,85.3837,461.31778,,474.9586186,,,,,,
74.39405,85.52992,461.2526,,474.9776867,,,,,,
74.73429,85.3175,461.438,,475.1729346,,,,,,
74.73429,85.3175,461.438,,475.1729346,,,,,,
75.09295,85.463455,461.37262,,475.1922219,,,,,,
75.13187,85.48497,461.63617,,475.458128,,,,,,
75.13187,85.48497,461.63617,,475.458128,,,,,,
75.50112,85.462395,461.82742,,475.6982299,,,,,,
75.83137,85.418335,461.7551,,475.6726406,,,,,,
75.52974,85.65212,461.83395,,475.743234,,,,,,
75.899185,85.629364,462.02484,,475.9832214,,,,,,
75.899185,85.629364,462.02484,,475.9832214,,,,,,
75.938416,85.65081,462.288,,476.2487787,,,,,,
76.30163,85.47781,462.22562,,476.2152019,,,,,,
76.30163,85.47781,462.22562,,476.2152019,,,,,,
76.63196,85.43359,462.15292,,476.189749,,,,,,
76.63876,85.583694,462.40533,,476.4627555,,,,,,
76.63876,85.583694,462.40533,,476.4627555,,,,,,
76.96916,85.539444,462.3325,,476.4373921,,,,,,
77.07038,85.62114,462.61197,,476.7396122,,,,,,
77.041664,85.431885,462.60538,,476.6946219,,,,,,
77.08141,85.45314,462.86798,,476.9596941,,,,,,
77.11009,85.642395,462.8745,,477.0046001,,,,,,
77.11009,85.642395,462.8745,,477.0046001,,,,,,
77.149826,85.66365,463.13715,,477.2697102,,,,,,
77.18955,85.68491,463.39978,,477.5348014,,,,,,
77.18955,85.68491,463.39978,,477.5348014,,,,,,
77.18955,85.68491,463.39978,,477.5348014,,,,,,
77.18955,85.68491,463.39978,,477.5348014,,,,,,
77.18955,85.68491,463.39978,,477.5348014,,,,,,
77.18955,85.68491,463.39978,,477.5348014,,,,,,
77.18955,85.68491,463.39978,,477.5348014,,,,,,
77.18955,85.68491,463.39978,,477.5348014,,,,,,
77.18955,85.68491,463.39978,,477.5348014,,,,,,
77.21838,85.87417,463.40637,,477.579852,,,,,,
77.18955,85.68491,463.39978,,477.5348014,,,,,,
77.4876,85.76951,463.31583,,477.5168011,,,,,,
77.58915,85.850784,463.5951,,477.8188465,,,,,,
77.59605,86.00127,463.8473,,478.09171,,,,,,
77.58915,85.850784,463.5951,,477.8188465,,,,,,
77.58915,85.850784,463.5951,,477.8188465,,,,,,
77.58915,85.850784,463.5951,,477.8188465,,,,,,
77.55615,85.979965,463.58484,,477.8267622,,,,,,
77.55615,85.979965,463.58484,,477.8267622,,,,,,
77.59605,86.00127,463.8473,,478.09171,,,,,,
77.55615,85.979965,463.58484,,477.8267622,,,,,,
77.55615,85.979965,463.58484,,477.8267622,,,,,,
77.59605,86.00127,463.8473,,478.09171,,,,,,
77.59605,86.00127,463.8473,,478.09171,,,,,,
77.59605,86.00127,463.8473,,478.09171,,,,,,
77.55615,85.979965,463.58484,,477.8267622,,,,,,
77.55615,85.979965,463.58484,,477.8267622,,,,,,
77.22509,86.02463,463.65875,,477.8528936,,,,,,
77.22509,86.02463,463.65875,,477.8528936,,,,,,
77.22509,86.02463,463.65875,,477.8528936,,,,,,
77.22509,86.02463,463.65875,,477.8528936,,,,,,
77.22509,86.02463,463.65875,,477.8528936,,,,,,
77.52752,85.79081,463.5783,,477.7817699,,,,,,
77.52752,85.79081,463.5783,,477.7817699,,,,,,
77.52752,85.79081,463.5783,,477.7817699,,,,,,
77.52752,85.79081,463.5783,,477.7817699,,,,,,
77.52752,85.79081,463.5783,,477.7817699,,,,,,
77.56744,85.812096,463.84076,,478.0467281,,,,,,
77.59605,86.00127,463.8473,,478.09171,,,,,,
77.26482,86.04598,463.92145,,478.1180554,,,,,,
77.22509,86.02463,463.65875,,477.8528936,,,,,,
77.22509,86.02463,463.65875,,477.8528936,,,,,,
77.22509,86.02463,463.65875,,477.8528936,,,,,,
77.22509,86.02463,463.65875,,477.8528936,,,,,,
77.58915,85.850784,463.5951,,477.8188465,,,,,,
77.58915,85.850784,463.5951,,477.8188465,,,,,,
77.58915,85.850784,463.5951,,477.8188465,,,,,,
77.56039,85.66164,463.58856,,477.7738834,,,,,,
77.58915,85.850784,463.5951,,477.8188465,,,,,,
77.52752,85.79081,463.5783,,477.7817699,,,,,,
77.55615,85.979965,463.58484,,477.8267622,,,,,,
77.52752,85.79081,463.5783,,477.7817699,,,,,,
77.52752,85.79081,463.5783,,477.7817699,,,,,,
77.52752,85.79081,463.5783,,477.7817699,,,,,,
77.55615,85.979965,463.58484,,477.8267622,,,,,,
77.52752,85.79081,463.5783,,477.7817699,,,,,,
77.55615,85.979965,463.58484,,477.8267622,,,,,,
77.52752,85.79081,463.5783,,477.7817699,,,,,,
77.55615,85.979965,463.58484,,477.8267622,,,,,,
77.52752,85.79081,463.5783,,477.7817699,,,,,,
77.52752,85.79081,463.5783,,477.7817699,,,,,,
77.55615,85.979965,463.58484,,477.8267622,,,,,,
77.55615,85.979965,463.58484,,477.8267622,,,,,,
77.55615,85.979965,463.58484,,477.8267622,,,,,,
77.52752,85.79081,463.5783,,477.7817699,,,,,,
77.52752,85.79081,463.5783,,477.7817699,,,,,,
77.52752,85.79081,463.5783,,477.7817699,,,,,,
77.52752,85.79081,463.5783,,477.7817699,,,,,,
77.55615,85.979965,463.58484,,477.8267622,,,,,,
77.55615,85.979965,463.58484,,477.8267622,,,,,,
77.55615,85.979965,463.58484,,477.8267622,,,,,,
77.55615,85.979965,463.58484,,477.8267622,,,,,,
77.55615,85.979965,463.58484,,477.8267622,,,,,,
77.55615,85.979965,463.58484,,477.8267622,,,,,,
77.55615,85.979965,463.58484,,477.8267622,,,,,,
77.55615,85.979965,463.58484,,477.8267622,,,,,,
77.55615,85.979965,463.58484,,477.8267622,,,,,,
77.55615,85.979965,463.58484,,477.8267622,,,,,,
77.55615,85.979965,463.58484,,477.8267622,,,,,,
77.55615,85.979965,463.58484,,477.8267622,,,,,,
77.52752,85.79081,463.5783,,477.7817699,,,,,,
77.52752,85.79081,463.5783,,477.7817699,,,,,,
77.52752,85.79081,463.5783,,477.7817699,,,,,,
77.52752,85.79081,463.5783,,477.7817699,,,,,,
77.52752,85.79081,463.5783,,477.7817699,,,,,,
77.52752,85.79081,463.5783,,477.7817699,,,,,,
77.52752,85.79081,463.5783,,477.7817699,,,,,,
77.52752,85.79081,463.5783,,477.7817699,,,,,,
77.52752,85.79081,463.5783,,477.7817699,,,,,,
77.52752,85.79081,463.5783,,477.7817699,,,,,,
77.52752,85.79081,463.5783,,477.7817699,,,,,,
77.52752,85.79081,463.5783,,477.7817699,,,,,,
77.52752,85.79081,463.5783,,477.7817699,,,,,,
77.52752,85.79081,463.5783,,477.7817699,,,,,,
77.55615,85.979965,463.58484,,477.8267622,,,,,,
77.52752,85.79081,463.5783,,477.7817699,,,,,,
77.52752,85.79081,463.5783,,477.7817699,,,,,,
77.52752,85.79081,463.5783,,477.7817699,,,,,,
77.52752,85.79081,463.5783,,477.7817699,,,,,,
77.52752,85.79081,463.5783,,477.7817699,,,,,,
77.52752,85.79081,463.5783,,477.7817699,,,,,,
77.52752,85.79081,463.5783,,477.7817699,,,,,,
77.52752,85.79081,463.5783,,477.7817699,,,,,,
77.52752,85.79081,463.5783,,477.7817699,,,,,,
77.52752,85.79081,463.5783,,477.7817699,,,,,,
77.55615,85.979965,463.58484,,477.8267622,,,,,,
77.55615,85.979965,463.58484,,477.8267622,,,,,,
77.55615,85.979965,463.58484,,477.8267622,,,,,,
77.55615,85.979965,463.58484,,477.8267622,,,,,,
77.52752,85.79081,463.5783,,477.7817699,,,,,,
77.55615,85.979965,463.58484,,477.8267622,,,,,,
77.55615,85.979965,463.58484,,477.8267622,,,,,,
77.55615,85.979965,463.58484,,477.8267622,,,,,,
77.55615,85.979965,463.58484,,477.8267622,,,,,,
77.55615,85.979965,463.58484,,477.8267622,,,,,,
77.55615,85.979965,463.58484,,477.8267622,,,,,,
77.55615,85.979965,463.58484,,477.8267622,,,,,,
77.55615,85.979965,463.58484,,477.8267622,,,,,,
77.55615,85.979965,463.58484,,477.8267622,,,,,,
77.55615,85.979965,463.58484,,477.8267622,,,,,,
77.55615,85.979965,463.58484,,477.8267622,,,,,,
77.55615,85.979965,463.58484,,477.8267622,,,,,,
77.55615,85.979965,463.58484,,477.8267622,,,,,,
77.55615,85.979965,463.58484,,477.8267622,,,,,,
77.55615,85.979965,463.58484,,477.8267622,,,,,,
77.52752,85.79081,463.5783,,477.7817699,,,,,,
77.52752,85.79081,463.5783,,477.7817699,,,,,,
77.4876,85.76951,463.31583,,477.5168011,,,,,,
77.52752,85.79081,463.5783,,477.7817699,,,,,,
77.52752,85.79081,463.5783,,477.7817699,,,,,,
77.52752,85.79081,463.5783,,477.7817699,,,,,,
77.52752,85.79081,463.5783,,477.7817699,,,,,,
77.52752,85.79081,463.5783,,477.7817699,,,,,,
77.52752,85.79081,463.5783,,477.7817699,,,,,,
77.52752,85.79081,463.5783,,477.7817699,,,,,,
77.52752,85.79081,463.5783,,477.7817699,,,,,,
77.52752,85.79081,463.5783,,477.7817699,,,,,,
77.52752,85.79081,463.5783,,477.7817699,,,,,,
77.52752,85.79081,463.5783,,477.7817699,,,,,,
77.52752,85.79081,463.5783,,477.7817699,,,,,,
77.55615,85.979965,463.58484,,477.8267622,,,,,,
77.55615,85.979965,463.58484,,477.8267622,,,,,,
77.56744,85.812096,463.84076,,478.0467281,,,,,,
77.59605,86.00127,463.8473,,478.09171,,,,,,
77.59605,86.00127,463.8473,,478.09171,,,,,,
77.56744,85.812096,463.84076,,478.0467281,,,,,,
77.56744,85.812096,463.84076,,478.0467281,,,,,,
77.56744,85.812096,463.84076,,478.0467281,,,,,,
77.56744,85.812096,463.84076,,478.0467281,,,,,,
77.56744,85.812096,463.84076,,478.0467281,,,,,,
77.56744,85.812096,463.84076,,478.0467281,,,,,,
77.59605,86.00127,463.8473,,478.09171,,,,,,
77.56744,85.812096,463.84076,,478.0467281,,,,,,
77.56744,85.812096,463.84076,,478.0467281,,,,,,
77.52752,85.79081,463.5783,,477.7817699,,,,,,
77.56039,85.66164,463.58856,,477.7738834,,,,,,
77.58915,85.850784,463.5951,,477.8188465,,,,,,
77.58915,85.850784,463.5951,,477.8188465,,,,,,
77.55615,85.979965,463.58484,,477.8267622,,,,,,
77.55615,85.979965,463.58484,,477.8267622,,,,,,
77.55615,85.979965,463.58484,,477.8267622,,,,,,
77.55615,85.979965,463.58484,,477.8267622,,,,,,
77.516266,85.95866,463.32236,,477.5617991,,,,,,
77.84705,85.914024,463.2487,,477.5361146,,,,,,
78.177734,85.86942,463.17502,,477.5106434,,,,,,
78.177734,85.86942,463.17502,,477.5106434,,,,,,
78.177734,85.86942,463.17502,,477.5106434,,,,,,
78.13753,85.84819,462.91293,,477.2460226,,,,,,
78.50831,85.82482,463.10135,,477.485408,,,,,,
78.42759,85.78245,462.57773,,476.9566772,,,,,,
78.75773,85.73795,462.50452,,476.9320781,,,,,,
79.01414,85.80115,462.15964,,476.6514497,,,,,,
79.311005,85.8855,462.0763,,476.6351452,,,,,,
79.640686,85.84104,462.0034,,476.6114399,,,,,,
79.673584,85.71226,462.01373,,476.6037749,,,,,,
79.62817,86.00813,461.74893,,476.3928193,,,,,,
79.587204,85.98695,461.48807,,476.1293074,,,,,,
80.24552,85.89799,461.34305,,476.0832049,,,,,,
80.23292,86.06488,461.08917,,475.8652201,,,,,,
80.89046,85.97582,460.9447,,475.8204752,,,,,,
80.89046,85.97582,460.9447,,475.8204752,,,,,,
80.848885,85.95479,460.6847,,475.5577367,,,,,,
81.135605,85.88931,460.35284,,475.2732869,,,,,,
81.09389,85.86832,460.09308,,475.0107679,,,,,,
81.42192,85.823944,460.02148,,474.9895162,,,,,,
82.00235,85.8425,459.60873,,474.6930639,,,,,,
82.03547,85.71435,459.6193,,474.6858636,,,,,,
82.36304,85.670044,459.54794,,474.665499,,,,,,
82.35856,85.985306,459.5441,,474.7180059,,,,,,
82.31622,85.96438,459.28513,,474.4561785,,,,,,
82.60103,85.899124,458.95532,,474.1746254,,,,,,
82.95688,86.041626,458.8912,,474.2005259,,,,,,
83.20765,86.10428,458.55145,,473.927096,,,,,,
83.25041,86.12517,458.80972,,474.1882905,,,,,,
83.20765,86.10428,458.55145,,473.927096,,,,,,
83.20765,86.10428,458.55145,,473.927096,,,,,,
83.49136,86.03903,458.22278,,473.6471661,,,,,,
83.52026,86.225624,458.22955,,473.6927407,,,,,,
83.49136,86.03903,458.22278,,473.6471661,,,,,,
83.44846,86.018196,457.96475,,473.386193,,,,,,
83.481804,85.89046,457.97543,,473.3792108,,,,,,
83.481804,85.89046,457.97543,,473.3792108,,,,,,
83.481804,85.89046,457.97543,,473.3792108,,,,,,
83.481804,85.89046,457.97543,,473.3792108,,,,,,
83.44846,86.018196,457.96475,,473.386193,,,,,,
83.122154,86.06253,458.035,,473.4048086,,,,,,
83.47739,86.20477,457.97147,,473.4317315,,,,,,
83.47739,86.20477,457.97147,,473.4317315,,,,,,
83.434525,86.18393,457.7135,,473.1708337,,,,,,
83.40556,85.99735,457.70673,,473.125229,,,,,,
83.40556,85.99735,457.70673,,473.125229,,,,,,
83.731606,85.95308,457.63675,,473.1070796,,,,,,
83.40556,85.99735,457.70673,,473.125229,,,,,,
83.40556,85.99735,457.70673,,473.125229,,,,,,
83.40556,85.99735,457.70673,,473.125229,,,,,,
83.40556,85.99735,457.70673,,473.125229,,,,,,
83.731606,85.95308,457.63675,,473.1070796,,,,,,
83.731606,85.95308,457.63675,,473.1070796,,,,,,
83.731606,85.95308,457.63675,,473.1070796,,,,,,
84.05755,85.90882,457.56677,,473.0891524,,,,,,
84.0909,85.78119,457.57745,,473.0822495,,,,,,
84.38339,85.86457,457.49683,,473.0714855,,,,,,
84.38339,85.86457,457.49683,,473.0714855,,,,,,
84.70455,86.13405,457.4229,,473.1063779,,,,,,
84.748055,86.154816,457.6801,,473.3666223,,,,,,
84.45561,86.07152,457.76096,,473.3773897,,,,,,
84.45561,86.07152,457.76096,,473.3773897,,,,,,
84.78148,86.02713,457.69086,,473.3597889,,,,,,
84.78148,86.02713,457.69086,,473.3597889,,,,,,
84.78148,86.02713,457.69086,,473.3597889,,,,,,
84.78148,86.02713,457.69086,,473.3597889,,,,,,
84.78148,86.02713,457.69086,,473.3597889,,,,,,
84.78148,86.02713,457.69086,,473.3597889,,,,,,
84.78148,86.02713,457.69086,,473.3597889,,,,,,
84.78148,86.02713,457.69086,,473.3597889,,,,,,
84.85396,86.23391,457.95483,,473.6656079,,,,,,
84.82498,86.04781,457.94803,,473.6199964,,,,,,
84.85396,86.23391,457.95483,,473.6656079,,,,,,
84.82498,86.04781,457.94803,,473.6199964,,,,,,
84.85396,86.23391,457.95483,,473.6656079,,,,,,
85.17986,86.18937,457.8845,,473.6480037,,,,,,
85.17986,86.18937,457.8845,,473.6480037,,,,,,
85.1463,86.31714,457.87378,,473.6548738,,,,,,
85.1463,86.31714,457.87378,,473.6548738,,,,,,
85.1463,86.31714,457.87378,,473.6548738,,,,,,
85.1463,86.31714,457.87378,,473.6548738,,,,,,
85.17986,86.18937,457.8845,,473.6480037,,,,,,
85.17986,86.18937,457.8845,,473.6480037,,,,,,
85.17986,86.18937,457.8845,,473.6480037,,,,,,
85.17986,86.18937,457.8845,,473.6480037,,,,,,
85.17986,86.18937,457.8845,,473.6480037,,,,,,
85.17986,86.18937,457.8845,,473.6480037,,,,,,
85.17986,86.18937,457.8845,,473.6480037,,,,,,
85.17986,86.18937,457.8845,,473.6480037,,,,,,
85.17986,86.18937,457.8845,,473.6480037,,,,,,
85.17986,86.18937,457.8845,,473.6480037,,,,,,
85.17986,86.18937,457.8845,,473.6480037,,,,,,
85.17986,86.18937,457.8845,,473.6480037,,,,,,
85.17986,86.18937,457.8845,,473.6480037,,,,,,
85.17986,86.18937,457.8845,,473.6480037,,,,,,
84.85396,86.23391,457.95483,,473.6656079,,,,,,
84.85396,86.23391,457.95483,,473.6656079,,,,,,
84.85396,86.23391,457.95483,,473.6656079,,,,,,
84.85396,86.23391,457.95483,,473.6656079,,,,,,
84.85396,86.23391,457.95483,,473.6656079,,,,,,
85.17986,86.18937,457.8845,,473.6480037,,,,,,
85.17986,86.18937,457.8845,,473.6480037,,,,,,
85.17986,86.18937,457.8845,,473.6480037,,,,,,
84.89744,86.25461,458.212,,473.9258064,,,,,,
84.89744,86.25461,458.212,,473.9258064,,,,,,
84.89744,86.25461,458.212,,473.9258064,,,,,,
84.85396,86.23391,457.95483,,473.6656079,,,,,,
85.1463,86.31714,457.87378,,473.6548738,,,,,,
85.17986,86.18937,457.8845,,473.6480037,,,,,,
85.17986,86.18937,457.8845,,473.6480037,,,,,,
85.17986,86.18937,457.8845,,473.6480037,,,,,,
85.17986,86.18937,457.8845,,473.6480037,,,,,,
85.17986,86.18937,457.8845,,473.6480037,,,,,,
85.17986,86.18937,457.8845,,473.6480037,,,,,,
85.17986,86.18937,457.8845,,473.6480037,,,,,,
85.17986,86.18937,457.8845,,473.6480037,,,,,,
85.17986,86.18937,457.8845,,473.6480037,,,,,,
85.17986,86.18937,457.8845,,473.6480037,,,,,,
85.17986,86.18937,457.8845,,473.6480037,,,,,,
85.17986,86.18937,457.8845,,473.6480037,,,,,,
85.17986,86.18937,457.8845,,473.6480037,,,,,,
85.17986,86.18937,457.8845,,473.6480037,,,,,,
85.17986,86.18937,457.8845,,473.6480037,,,,,,
85.17986,86.18937,457.8845,,473.6480037,,,,,,
85.17986,86.18937,457.8845,,473.6480037,,,,,,
85.17986,86.18937,457.8845,,473.6480037,,,,,,
85.17986,86.18937,457.8845,,473.6480037,,,,,,
85.17986,86.18937,457.8845,,473.6480037,,,,,,
85.17986,86.18937,457.8845,,473.6480037,,,,,,
85.17986,86.18937,457.8845,,473.6480037,,,,,,
85.17986,86.18937,457.8845,,473.6480037,,,,,,
85.17986,86.18937,457.8845,,473.6480037,,,,,,
85.17986,86.18937,457.8845,,473.6480037,,,,,,
85.17986,86.18937,457.8845,,473.6480037,,,,,,
85.17986,86.18937,457.8845,,473.6480037,,,,,,
85.17986,86.18937,457.8845,,473.6480037,,,,,,
85.150925,86.0034,457.87775,,473.6024692,,,,,,
85.17986,86.18937,457.8845,,473.6480037,,,,,,
85.17986,86.18937,457.8845,,473.6480037,,,,,,
85.17986,86.18937,457.8845,,473.6480037,,,,,,
85.1463,86.31714,457.87378,,473.6548738,,,,,,
85.1463,86.31714,457.87378,,473.6548738,,,,,,
85.1463,86.31714,457.87378,,473.6548738,,,,,,
85.1463,86.31714,457.87378,,473.6548738,,,,,,
85.1463,86.31714,457.87378,,473.6548738,,,,,,
85.1463,86.31714,457.87378,,473.6548738,,,,,,
85.1463,86.31714,457.87378,,473.6548738,,,,,,
85.17986,86.18937,457.8845,,473.6480037,,,,,,
85.17986,86.18937,457.8845,,473.6480037,,,,,,
85.17986,86.18937,457.8845,,473.6480037,,,,,,
85.17986,86.18937,457.8845,,473.6480037,,,,,,
85.17986,86.18937,457.8845,,473.6480037,,,,,,
85.17986,86.18937,457.8845,,473.6480037,,,,,,
85.17986,86.18937,457.8845,,473.6480037,,,,,,
85.17986,86.18937,457.8845,,473.6480037,,,,,,
84.85396,86.23391,457.95483,,473.6656079,,,,,,
84.85396,86.23391,457.95483,,473.6656079,,,,,,
84.85396,86.23391,457.95483,,473.6656079,,,,,,
84.85396,86.23391,457.95483,,473.6656079,,,,,,
84.82498,86.04781,457.94803,,473.6199964,,,,,,
85.1175,86.13115,457.867,,473.6092836,,,,,,
85.1463,86.31714,457.87378,,473.6548738,,,,,,
85.1463,86.31714,457.87378,,473.6548738,,,,,,
84.85396,86.23391,457.95483,,473.6656079,,,,,,
84.820404,86.36169,457.9441,,473.6725041,,,,,,
85.1463,86.31714,457.87378,,473.6548738,,,,,,
85.1463,86.31714,457.87378,,473.6548738,,,,,,
85.1463,86.31714,457.87378,,473.6548738,,,,,,
85.17986,86.18937,457.8845,,473.6480037,,,,,,
85.17986,86.18937,457.8845,,473.6480037,,,,,,
84.820404,86.36169,457.9441,,473.6725041,,,,,,
84.85396,86.23391,457.95483,,473.6656079,,,,,,
84.820404,86.36169,457.9441,,473.6725041,,,,,,
84.85396,86.23391,457.95483,,473.6656079,,,,,,
84.85396,86.23391,457.95483,,473.6656079,,,,,,
84.85396,86.23391,457.95483,,473.6656079,,,,,,
84.85396,86.23391,457.95483,,473.6656079,,,,,,
85.17986,86.18937,457.8845,,473.6480037,,,,,,
84.85396,86.23391,457.95483,,473.6656079,,,,,,
84.85396,86.23391,457.95483,,473.6656079,,,,,,
84.85396,86.23391,457.95483,,473.6656079,,,,,,
84.79157,86.17558,457.93735,,473.626918,,,,,,
84.79157,86.17558,457.93735,,473.626918,,,,,,
84.820404,86.36169,457.9441,,473.6725041,,,,,,
84.820404,86.36169,457.9441,,473.6725041,,,,,,
84.820404,86.36169,457.9441,,473.6725041,,,,,,
84.820404,86.36169,457.9441,,473.6725041,,,,,,
84.820404,86.36169,457.9441,,473.6725041,,,,,,
84.820404,86.36169,457.9441,,473.6725041,,,,,,
84.820404,86.36169,457.9441,,473.6725041,,,,,,
84.820404,86.36169,457.9441,,473.6725041,,,,,,
84.820404,86.36169,457.9441,,473.6725041,,,,,,
84.79157,86.17558,457.93735,,473.626918,,,,,,
84.79157,86.17558,457.93735,,473.626918,,,,,,
84.820404,86.36169,457.9441,,473.6725041,,,,,,
84.79157,86.17558,457.93735,,473.626918,,,,,,
84.79157,86.17558,457.93735,,473.626918,,,,,,
84.79157,86.17558,457.93735,,473.626918,,,,,,
84.79157,86.17558,457.93735,,473.626918,,,,,,
84.79157,86.17558,457.93735,,473.626918,,,,,,
84.79157,86.17558,457.93735,,473.626918,,,,,,
84.79157,86.17558,457.93735,,473.626918,,,,,,
85.1175,86.13115,457.867,,473.6092836,,,,,,
85.18994,86.33787,458.1308,,473.914954,,,,,,
84.86389,86.38246,458.20132,,473.9327578,,,,,,
85.1463,86.31714,457.87378,,473.6548738,,,,,,
85.1463,86.31714,457.87378,,473.6548738,,,,,,
85.1463,86.31714,457.87378,,473.6548738,,,,,,
85.18994,86.33787,458.1308,,473.914954,,,,,,
85.1175,86.13115,457.867,,473.6092836,,,,,,
85.1463,86.31714,457.87378,,473.6548738,,,,,,
85.1463,86.31714,457.87378,,473.6548738,,,,,,
85.1463,86.31714,457.87378,,473.6548738,,,,,,
85.1463,86.31714,457.87378,,473.6548738,,,,,,
85.1463,86.31714,457.87378,,473.6548738,,,,,,
84.820404,86.36169,457.9441,,473.6725041,,,,,,
84.820404,86.36169,457.9441,,473.6725041,,,,,,
84.820404,86.36169,457.9441,,473.6725041,,,,,,
84.820404,86.36169,457.9441,,473.6725041,,,,,,
84.820404,86.36169,457.9441,,473.6725041,,,,,,
84.820404,86.36169,457.9441,,473.6725041,,,,,,
85.1463,86.31714,457.87378,,473.6548738,,,,,,
85.1463,86.31714,457.87378,,473.6548738,,,,,,
85.1463,86.31714,457.87378,,473.6548738,,,,,,
85.1463,86.31714,457.87378,,473.6548738,,,,,,
85.1463,86.31714,457.87378,,473.6548738,,,,,,
85.10267,86.296394,457.61676,,473.3947941,,,,,,
85.10267,86.296394,457.61676,,473.3947941,,,,,,
85.17531,86.5031,457.88055,,473.7005571,,,,,,
85.1463,86.31714,457.87378,,473.6548738,,,,,,
85.1175,86.13115,457.867,,473.6092836,,,,,,
85.1175,86.13115,457.867,,473.6092836,,,,,,
85.1463,86.31714,457.87378,,473.6548738,,,,,,
85.1463,86.31714,457.87378,,473.6548738,,,,,,
85.1463,86.31714,457.87378,,473.6548738,,,,,,
85.1463,86.31714,457.87378,,473.6548738,,,,,,
85.17986,86.18937,457.8845,,473.6480037,,,,,,
85.17986,86.18937,457.8845,,473.6480037,,,,,,
85.17986,86.18937,457.8845,,473.6480037,,,,,,
85.1463,86.31714,457.87378,,473.6548738,,,,,,
85.1463,86.31714,457.87378,,473.6548738,,,,,,
85.1463,86.31714,457.87378,,473.6548738,,,,,,
85.17531,86.5031,457.88055,,473.7005571,,,,,,
85.1463,86.31714,457.87378,,473.6548738,,,,,,
85.17531,86.5031,457.88055,,473.7005571,,,,,,
85.1463,86.31714,457.87378,,473.6548738,,,,,,
85.1463,86.31714,457.87378,,473.6548738,,,,,,
85.10267,86.296394,457.61676,,473.3947941,,,,,,
85.10267,86.296394,457.61676,,473.3947941,,,,,,
85.10267,86.296394,457.61676,,473.3947941,,,,,,
85.10267,86.296394,457.61676,,473.3947941,,,,,,
85.1463,86.31714,457.87378,,473.6548738,,,,,,
85.10267,86.296394,457.61676,,473.3947941,,,,,,
85.1463,86.31714,457.87378,,473.6548738,,,,,,
85.10267,86.296394,457.61676,,473.3947941,,,,,,
85.10267,86.296394,457.61676,,473.3947941,,,,,,
85.10267,86.296394,457.61676,,473.3947941,,,,,,
85.10267,86.296394,457.61676,,473.3947941,,,,,,
85.10267,86.296394,457.61676,,473.3947941,,,,,,
85.10267,86.296394,457.61676,,473.3947941,,,,,,
85.10267,86.296394,457.61676,,473.3947941,,,,,,
85.10267,86.296394,457.61676,,473.3947941,,,,,,
85.05902,86.27566,457.3598,,473.1347726,,,,,,
85.10267,86.296394,457.61676,,473.3947941,,,,,,
85.06915,86.424095,457.60602,,473.4016836,,,,,,
85.42831,86.2519,457.54666,,473.3775792,,,,,,
85.42831,86.2519,457.54666,,473.3775792,,,,,,
85.38452,86.2312,457.2899,,473.1177324,,,,,,
85.70991,86.18675,457.21997,,473.100883,,,,,,
85.95759,86.2492,456.883,,472.8315847,,,,,,
86.28738,85.89183,456.81738,,472.7631934,,,,,,
86.25401,86.0193,456.8066,,472.7698637,,,,,,
86.28738,85.89183,456.81738,,472.7631934,,,,,,
86.641075,86.03294,456.7545,,472.7927833,,,,,,
86.93241,86.11604,456.67413,,472.7837532,,,,,,
86.93241,86.11604,456.67413,,472.7837532,,,,,,
87.21244,86.05115,456.34903,,472.5095208,,,,,,
87.53693,86.00684,456.2797,,472.4945029,,,,,,
87.86132,85.962555,456.2104,,472.4797366,,,,,,
88.21428,86.103035,456.14783,,472.5106715,,,,,,
88.493126,86.03825,455.82376,,472.2381962,,,,,,
88.78348,86.121155,455.7439,,472.2307297,,,,,,
89.061676,86.056435,455.42053,,471.9592687,,,,,,
89.413895,86.19642,455.35846,,471.9915196,,,,,,
89.691444,86.131714,455.03577,,471.7210821,,,,,,
89.94739,86.34147,454.9453,,471.720901,,,,,,
89.96365,86.37808,454.70935,,471.5031538,,,,,,
90.32034,86.206696,454.65192,,471.4845985,,,,,,
90.2404,86.31334,454.3875,,471.2338301,,,,,,
90.516754,86.24869,454.0661,,470.9651181,,,,,,
90.54566,86.43244,454.07294,,471.0109532,,,,,,
90.54566,86.43244,454.07294,,471.0109532,,,,,,
90.775215,86.34751,453.49902,,470.486337,,,,,,
91.143745,86.32337,453.6843,,470.7317182,,,,,,
91.143745,86.32337,453.6843,,470.7317182,,,,,,
91.4997,86.1523,453.62753,,470.7147224,,,,,,
91.44814,86.4422,453.3709,,470.5105623,,,,,,
91.465775,86.279,453.61652,,470.7207251,,,,,,
91.81672,86.41789,453.55573,,470.7559474,,,,,,
91.81672,86.41789,453.55573,,470.7559474,,,,,,
91.81672,86.41789,453.55573,,470.7559474,,,,,,
91.81672,86.41789,453.55573,,470.7559474,,,,,,
92.13853,86.37343,453.48807,,470.7454809,,,,,,
92.13853,86.37343,453.48807,,470.7454809,,,,,,
92.13853,86.37343,453.48807,,470.7454809,,,,,,
92.13853,86.37343,453.48807,,470.7454809,,,,,,
92.48938,86.51198,453.42737,,470.7812528,,,,,,
92.460236,86.32899,453.4204,,470.7352216,,,,,,
92.48938,86.51198,453.42737,,470.7812528,,,,,,
92.460236,86.32899,453.4204,,470.7352216,,,,,,
92.48938,86.51198,453.42737,,470.7812528,,,,,,
92.460236,86.32899,453.4204,,470.7352216,,,,,,
92.460236,86.32899,453.4204,,470.7352216,,,,,,
92.78185,86.28455,453.35272,,470.7251682,,,,,,
92.78185,86.28455,453.35272,,470.7251682,,,,,,
92.78185,86.28455,453.35272,,470.7251682,,,,,,
93.07451,86.05736,453.27826,,470.6696449,,,,,,
93.15082,86.260124,453.53674,,470.9707621,,,,,,
93.15082,86.260124,453.53674,,470.9707621,,,,,,
93.10337,86.24013,453.28513,,470.71542,,,,,,
93.4724,86.215675,453.46893,,470.9610415,,,,,,
93.424805,86.195724,453.2175,,470.7058522,,,,,,
93.74613,86.15133,453.1499,,470.6965269,,,,,,
93.71734,85.96879,453.14307,,470.6508415,,,,,,
93.71734,85.96879,453.14307,,470.6508415,,,,,,
93.71734,85.96879,453.14307,,470.6508415,,,,,,
94.03861,85.92452,453.0755,,470.6417874,,,,,,
94.03861,85.92452,453.0755,,470.6417874,,,,,,
94.08654,85.9444,453.32657,,470.8966935,,,,,,
94.08654,85.9444,453.32657,,470.8966935,,,,,,
94.05802,85.76194,453.3198,,470.8512106,,,,,,
94.05802,85.76194,453.3198,,470.8512106,,,,,,
94.08654,85.9444,453.32657,,470.8966935,,,,,,
94.08654,85.9444,453.32657,,470.8966935,,,,,,
94.05802,85.76194,453.3198,,470.8512106,,,,,,
94.407875,85.90011,453.2588,,470.8876889,,,,,,
94.407875,85.90011,453.2588,,470.8876889,,,,,,
94.407875,85.90011,453.2588,,470.8876889,,,,,,
94.407875,85.90011,453.2588,,470.8876889,,,,,,
94.45596,85.91995,453.50967,,471.1424275,,,,,,
94.45596,85.91995,453.50967,,471.1424275,,,,,,
94.43656,86.08243,453.26566,,470.9333362,,,,,,
94.48462,86.10226,453.51645,,471.1879805,,,,,,
94.427505,85.73761,453.5029,,471.0969877,,,,,,
94.427505,85.73761,453.5029,,471.0969877,,,,,,
94.427505,85.73761,453.5029,,471.0969877,,,,,,
94.45596,85.91995,453.50967,,471.1424275,,,,,,
94.13448,85.96427,453.57758,,471.1515437,,,,,,
94.13448,85.96427,453.57758,,471.1515437,,,,,,
94.105995,85.78182,453.57083,,471.1060993,,,,,,
94.182434,85.98414,453.8286,,471.4064079,,,,,,
94.182434,85.98414,453.8286,,471.4064079,,,,,,
94.13448,85.96427,453.57758,,471.1515437,,,,,,
94.13448,85.96427,453.57758,,471.1515437,,,,,,
94.08654,85.9444,453.32657,,470.8966935,,,,,,
94.11527,86.12683,453.33337,,470.9423099,,,,,,
94.08654,85.9444,453.32657,,470.8966935,,,,,,
94.08654,85.9444,453.32657,,470.8966935,,,,,,
,,,,0,,,,,,
93.76512,85.98869,453.39426,,470.9058372,,,,,,
,,,,0,,,,,,
,,,,0,,,,,,
93.85203,86.536285,453.41498,,471.043391,,,,,,
93.67972,86.29402,452.65445,,470.2324946,,,,,,
93.64094,85.76632,452.88507,,470.3502673,,,,,,
93.66956,85.948875,452.89188,,470.3958445,,,,,,
93.69839,86.13142,452.89874,,470.4415782,,,,,,
93.69839,86.13142,452.89874,,470.4415782,,,,,,
93.63572,86.0754,452.88086,,470.4016325,,,,,,
93.61666,86.237976,452.63647,,470.1923452,,,,,,
93.64559,86.42051,452.6434,,470.2382892,,,,,,
93.65066,86.111496,452.6475,,470.1865535,,,,,,
93.65066,86.111496,452.6475,,470.1865535,,,,,,
93.67972,86.29402,452.65445,,470.2324946,,,,,,
93.67972,86.29402,452.65445,,470.2324946,,,,,,
93.67972,86.29402,452.65445,,470.2324946,,,,,,
93.67972,86.29402,452.65445,,470.2324946,,,,,,
93.64559,86.42051,452.6434,,470.2382892,,,,,,
93.64559,86.42051,452.6434,,470.2382892,,,,,,
93.64559,86.42051,452.6434,,470.2382892,,,,,,
93.6933,86.4405,452.8946,,470.4932659,,,,,,
93.709,86.47651,452.66147,,470.2786088,,,,,,
93.709,86.47651,452.66147,,470.2786088,,,,,,
93.61666,86.237976,452.63647,,470.1923452,,,,,,
93.6933,86.4405,452.8946,,470.4932659,,,,,,
93.568924,86.21799,452.38528,,469.9373649,,,,,,
93.568924,86.21799,452.38528,,469.9373649,,,,,,
93.568924,86.21799,452.38528,,469.9373649,,,,,,
93.568924,86.21799,452.38528,,469.9373649,,,,,,
93.64559,86.42051,452.6434,,470.2382892,,,,,,
93.64559,86.42051,452.6434,,470.2382892,,,,,,
93.597885,86.40051,452.3922,,469.9833133,,,,,,
93.64559,86.42051,452.6434,,470.2382892,,,,,,
93.64559,86.42051,452.6434,,470.2382892,,,,,,
93.521194,86.198006,452.1341,,469.6823973,,,,,,
93.64559,86.42051,452.6434,,470.2382892,,,,,,
93.64559,86.42051,452.6434,,470.2382892,,,,,,
93.64559,86.42051,452.6434,,470.2382892,,,,,,
93.64559,86.42051,452.6434,,470.2382892,,,,,,
93.64559,86.42051,452.6434,,470.2382892,,,,,,
93.6933,86.4405,452.8946,,470.4932659,,,,,,
93.727425,86.31394,452.90564,,470.4874549,,,,,,
93.727425,86.31394,452.90564,,470.4874549,,,,,,
93.67972,86.29402,452.65445,,470.2324946,,,,,,
93.65066,86.111496,452.6475,,470.1865535,,,,,,
93.60293,86.09159,452.3964,,469.9316686,,,,,,
93.67972,86.29402,452.65445,,470.2324946,,,,,,
93.61666,86.237976,452.63647,,470.1923452,,,,,,
93.61666,86.237976,452.63647,,470.1923452,,,,,,
93.61666,86.237976,452.63647,,470.1923452,,,,,,
93.61666,86.237976,452.63647,,470.1923452,,,,,,
93.61666,86.237976,452.63647,,470.1923452,,,,,,
93.61666,86.237976,452.63647,,470.1923452,,,,,,
93.64559,86.42051,452.6434,,470.2382892,,,,,,
93.64559,86.42051,452.6434,,470.2382892,,,,,,
93.64559,86.42051,452.6434,,470.2382892,,,,,,
93.64559,86.42051,452.6434,,470.2382892,,,,,,
93.64559,86.42051,452.6434,,470.2382892,,,,,,
93.64559,86.42051,452.6434,,470.2382892,,,,,,
93.67972,86.29402,452.65445,,470.2324946,,,,,,
93.65066,86.111496,452.6475,,470.1865535,,,,,,
93.64559,86.42051,452.6434,,470.2382892,,,,,,
93.61666,86.237976,452.63647,,470.1923452,,,,,,
93.6644,86.25795,452.88766,,470.4473258,,,,,,
93.64559,86.42051,452.6434,,470.2382892,,,,,,
93.67972,86.29402,452.65445,,470.2324946,,,,,,
93.65066,86.111496,452.6475,,470.1865535,,,,,,
93.65066,86.111496,452.6475,,470.1865535,,,,,,
93.65066,86.111496,452.6475,,470.1865535,,,,,,
93.61666,86.237976,452.63647,,470.1923452,,,,,,
93.61666,86.237976,452.63647,,470.1923452,,,,,,
93.65066,86.111496,452.6475,,470.1865535,,,,,,
93.67972,86.29402,452.65445,,470.2324946,,,,,,
93.67972,86.29402,452.65445,,470.2324946,,,,,,
93.67972,86.29402,452.65445,,470.2324946,,,,,,
93.67972,86.29402,452.65445,,470.2324946,,,,,,
93.67972,86.29402,452.65445,,470.2324946,,,,,,
93.67972,86.29402,452.65445,,470.2324946,,,,,,
93.67972,86.29402,452.65445,,470.2324946,,,,,,
93.67972,86.29402,452.65445,,470.2324946,,,,,,
93.67972,86.29402,452.65445,,470.2324946,,,,,,
93.65066,86.111496,452.6475,,470.1865535,,,,,,
93.65066,86.111496,452.6475,,470.1865535,,,,,,
93.67972,86.29402,452.65445,,470.2324946,,,,,,
93.6933,86.4405,452.8946,,470.4932659,,,,,,
93.6933,86.4405,452.8946,,470.4932659,,,,,,
93.6933,86.4405,452.8946,,470.4932659,,,,,,
93.6933,86.4405,452.8946,,470.4932659,,,,,,
93.6933,86.4405,452.8946,,470.4932659,,,,,,
93.6933,86.4405,452.8946,,470.4932659,,,,,,
93.6933,86.4405,452.8946,,470.4932659,,,,,,
93.7224,86.62301,452.90152,,470.5392874,,,,,,
93.7224,86.62301,452.90152,,470.5392874,,,,,,
93.6933,86.4405,452.8946,,470.4932659,,,,,,
93.64559,86.42051,452.6434,,470.2382892,,,,,,
93.67972,86.29402,452.65445,,470.2324946,,,,,,
93.67972,86.29402,452.65445,,470.2324946,,,,,,
93.64559,86.42051,452.6434,,470.2382892,,,,,,
93.64559,86.42051,452.6434,,470.2382892,,,,,,
93.64559,86.42051,452.6434,,470.2382892,,,,,,
93.64559,86.42051,452.6434,,470.2382892,,,,,,
93.64559,86.42051,452.6434,,470.2382892,,,,,,
93.64559,86.42051,452.6434,,470.2382892,,,,,,
93.64559,86.42051,452.6434,,470.2382892,,,,,,
93.64559,86.42051,452.6434,,470.2382892,,,,,,
93.64559,86.42051,452.6434,,470.2382892,,,,,,
93.67972,86.29402,452.65445,,470.2324946,,,,,,
93.64559,86.42051,452.6434,,470.2382892,,,,,,
93.64559,86.42051,452.6434,,470.2382892,,,,,,
93.64559,86.42051,452.6434,,470.2382892,,,,,,
93.64559,86.42051,452.6434,,470.2382892,,,,,,
93.61666,86.237976,452.63647,,470.1923452,,,,,,
93.61666,86.237976,452.63647,,470.1923452,,,,,,
93.65066,86.111496,452.6475,,470.1865535,,,,,,
93.65066,86.111496,452.6475,,470.1865535,,,,,,
93.67972,86.29402,452.65445,,470.2324946,,,,,,
93.67972,86.29402,452.65445,,470.2324946,,,,,,
93.65066,86.111496,452.6475,,470.1865535,,,,,,
93.65066,86.111496,452.6475,,470.1865535,,,,,,
93.69839,86.13142,452.89874,,470.4415782,,,,,,
93.69839,86.13142,452.89874,,470.4415782,,,,,,
93.65066,86.111496,452.6475,,470.1865535,,,,,,
93.65066,86.111496,452.6475,,470.1865535,,,,,,
93.65066,86.111496,452.6475,,470.1865535,,,,,,
93.65066,86.111496,452.6475,,470.1865535,,,,,,
93.65066,86.111496,452.6475,,470.1865535,,,,,,
93.65066,86.111496,452.6475,,470.1865535,,,,,,
93.65066,86.111496,452.6475,,470.1865535,,,,,,
93.65066,86.111496,452.6475,,470.1865535,,,,,,
93.727425,86.31394,452.90564,,470.4874549,,,,,,
93.727425,86.31394,452.90564,,470.4874549,,,,,,
93.727425,86.31394,452.90564,,470.4874549,,,,,,
93.77514,86.33386,453.15686,,470.7424477,,,,,,
93.727425,86.31394,452.90564,,470.4874549,,,,,,
93.77514,86.33386,453.15686,,470.7424477,,,,,,
93.69839,86.13142,452.89874,,470.4415782,,,,,,
94.04848,86.26948,452.8383,,470.4785497,,,,,,
94.01947,86.087074,452.83136,,470.4326579,,,,,,
94.04848,86.26948,452.8383,,470.4785497,,,,,,
94.04848,86.26948,452.8383,,470.4785497,,,,,,
94.09634,86.28936,453.08923,,470.7332846,,,,,,
94.04848,86.26948,452.8383,,470.4785497,,,,,,
94.1255,86.47174,453.0962,,470.779288,,,,,,
94.067375,86.10695,453.08237,,470.6874886,,,,,,
94.067375,86.10695,453.08237,,470.6874886,,,,,,
94.067375,86.10695,453.08237,,470.6874886,,,,,,
94.067375,86.10695,453.08237,,470.6874886,,,,,,
94.067375,86.10695,453.08237,,470.6874886,,,,,,
94.01947,86.087074,452.83136,,470.4326579,,,,,,
93.990685,85.904655,452.8245,,470.3869539,,,,,,
94.01947,86.087074,452.83136,,470.4326579,,,,,,
94.15489,86.65411,453.1032,,470.8254326,,,,,,
94.29195,87.221,453.3755,,471.2195016,,,,,,
94.00097,87.44854,453.4505,,471.2757001,,,,,,
93.96601,87.575325,453.43927,,471.281466,,,,,,
93.83375,86.698845,453.17078,,470.8345975,,,,,,
93.83375,86.698845,453.17078,,470.8345975,,,,,,
93.94077,87.083694,453.43613,,471.1823023,,,,,,
93.77514,86.33386,453.15686,,470.7424477,,,,,,