[-182.3346   -57.74547  691.86005],[-62.203323 -49.23015  629.7071  ],[ 60.8462  -40.76665 557.2782 ],[179.54776 -32.28962 477.8398 ],[290.8695 -24.6172 401.2502]
[-182.37842   -57.744747  692.0281  ],[-62.197952 -49.417114 629.42816 ],[ 60.8462  -40.76665 557.2782 ],[179.21997  -32.164303 477.77762 ],[290.41803  -24.647196 400.95215 ]
[-182.37842   -57.744747  692.0281  ],[-62.54499 -49.24405 629.3436 ],[ 60.800213 -40.65519  556.9254  ],[179.21997  -32.164303 477.77762 ],[290.41803  -24.647196 400.95215 ]
[-182.32645   -57.675148  691.8373  ],[-62.495422 -49.154556 628.8289  ],[ 60.800213 -40.65519  556.9254  ],[179.104   -32.1761  477.45685],[289.95267 -24.68573 400.29407]
[-182.2908    -57.746197  691.69214 ],[-62.519463 -49.1522   629.06384 ],[ 60.74177  -40.667236 556.3466  ],[179.03325  -32.326057 477.21063 ],[289.7203   -24.704973 399.96548 ]
[-182.28261  -57.67586  691.66925],[-62.495422 -49.154556 628.8289  ],[ 60.758423 -40.784664 556.4098  ],[178.91739  -32.337803 476.89032 ],[289.48816 -24.7242  399.6372 ]
[-182.32645   -57.675148  691.8373  ],[-62.495422 -49.154556 628.8289  ],[ 60.758423 -40.784664 556.4098  ],[179.08319  -32.336674 476.55743 ],[289.00958  -24.771196 398.6224  ]
[-182.28261  -57.67586  691.66925],[-62.131577 -49.237206 629.00116 ],[ 61.05462  -40.900604 555.9313  ],[178.85138  -32.360165 475.91772 ],[288.5469   -24.809542 397.96872 ]
[-182.32645   -57.675148  691.8373  ],[-62.106174 -49.145283 628.7211  ],[ 61.376328 -40.769527 555.9046  ],[178.9005  -32.37082 475.26556],[288.1637  -25.0042  397.39508]
[-182.32645   -57.675148  691.8373  ],[-61.764633 -49.13129  629.08386 ],[ 61.346703 -40.775547 555.6152  ],[178.94548  -32.508938 475.34003 ],[287.85458  -24.866945 396.99066 ]
[-182.32645   -57.675148  691.8373  ],[-61.740814 -49.13365  628.8484  ],[ 61.33001 -40.65802 555.552  ],[179.03886  -32.657764 474.76288 ],[287.1643   -24.924217 396.01556 ]
[-182.3346   -57.74547  691.86005],[-61.766052 -49.225662 629.1287  ],[ 61.65497  -40.768013 555.36206 ],[179.20284 -32.65677 474.43027],[286.9346   -24.943274 395.69116 ]
[-182.28261  -57.67586  691.66925],[-61.71701  -49.136017 628.6129  ],[ 61.94613  -40.642853 555.04535 ],[179.15788 -32.51859 474.35565],[286.7661  -25.23471 395.44302]
[-182.32645   -57.675148  691.8373  ],[-61.71701  -49.136017 628.6129  ],[ 61.94613  -40.642853 555.04535 ],[179.5762  -32.77221 474.72626],[286.7661  -25.23471 395.44302]
[-182.28261  -57.67586  691.66925],[-61.742264 -49.22802  628.89325 ],[ 61.96291  -40.760498 555.10876 ],[179.7177  -32.49315 474.3282 ],[286.5369   -25.253582 395.11932 ]
[-182.28261  -57.67586  691.66925],[-61.718487 -49.230377 628.65784 ],[ 61.96291  -40.760498 555.10876 ],[179.8344   -32.481403 474.64746 ],[286.75064  -25.243172 395.08646 ]
[-182.27449  -57.60553  691.64636],[-61.740814 -49.13365  628.8484  ],[ 61.96291  -40.760498 555.10876 ],[179.76279  -32.631447 474.40286 ],[287.13153  -25.049284 395.65582 ]
[-182.63474  -57.75091  691.4218 ],[-61.758224 -49.22381  628.7602  ],[ 62.330853 -40.7409   555.4344  ],[179.81128  -32.621204 474.63803 ],[287.13153  -25.049284 395.65582 ]
[-182.62648   -57.680668  691.39905 ],[-61.735622 -49.320415 628.5697  ],[ 62.330853 -40.7409   555.4344  ],[179.92804 -32.60956 474.95752],[287.3614   -25.030312 395.98022 ]
[-182.67033   -57.679947  691.5667  ],[-61.75945 -49.31812 628.805  ],[ 62.0396   -40.866127 555.75134 ],[180.04486  -32.597904 475.27728 ],[288.05237  -24.973303 396.95557 ]
[-182.67853  -57.75019  691.5896 ],[-61.807144 -49.31354  629.27594 ],[ 62.022884 -40.748413 555.6879  ],[180.13968  -32.307755 475.5322  ],[288.36163  -25.110683 397.35995 ]
[-182.3346   -57.74547  691.86005],[-61.782097 -49.22151  628.9956  ],[ 62.06596 -40.61862 556.20435],[180.02094  -32.447155 475.94003 ],[288.82397  -25.072693 398.01248 ]
[-182.29909  -57.81653  691.7149 ],[-61.764633 -49.13129  629.08386 ],[ 62.082886 -40.736332 556.2677  ],[180.20937 -32.28519 476.50638],[289.08832  -24.927816 398.7012  ]
[-182.34286   -57.815804  691.8829  ],[-61.763348 -49.036945 629.039   ],[ 61.80404  -40.737854 556.8108  ],[179.99916  -32.147903 476.76535 ],[289.70535  -24.713562 399.60538 ]
[-182.3346   -57.74547  691.86005],[-61.766052 -49.225662 629.1287  ],[ 61.46521  -40.751457 556.77356 ],[179.83401 -32.14902 477.09875],[289.93774  -24.694323 399.9337  ]
[-182.2908    -57.746197  691.69214 ],[-61.787205 -49.034576 629.27454 ],[ 61.48192 -40.86909 556.8369 ],[179.83028  -32.276695 477.8276  ],[290.40314 -24.65579 400.59134]
[-182.3346   -57.74547  691.86005],[-62.174015 -49.419395 629.19293 ],[ 61.44837  -40.633858 556.7103  ],[179.83028  -32.276695 477.8276  ],[290.40314 -24.65579 400.59134]
[-182.2908    -57.746197  691.69214 ],[-62.175495 -49.51366  629.23773 ],[ 61.12214 -40.524   556.8997 ],[179.54776 -32.28962 477.8398 ],[290.71527  -24.793558 400.9996  ]
[-182.3346   -57.74547  691.86005],[-62.174015 -49.419395 629.19293 ],[ 60.812557 -40.531723 557.15204 ],[179.50244 -32.15132 477.7654 ],[290.63623  -24.636503 400.92062 ]
[-182.3346   -57.74547  691.86005],[-62.52097 -49.2464  629.10864],[ 60.800213 -40.65519  556.9254  ],[179.2652   -32.302547 477.85202 ],[290.63623  -24.636503 400.92062 ]
[-182.3346   -57.74547  691.86005],[-62.563503 -49.42863  629.3001  ],[ 60.816933 -40.77265  556.9885  ],[179.21997  -32.164303 477.77762 ],[290.65393  -24.518394 400.92358 ]
[-182.28261  -57.67586  691.66925],[-62.52097 -49.2464  629.10864],[ 60.800213 -40.65519  556.9254  ],[179.21997  -32.164303 477.77762 ],[290.17035  -24.675064 400.2623  ]
[-182.32645   -57.675148  691.8373  ],[-62.515427 -49.433174 628.83026 ],[ 60.77099 -40.66121 556.6359 ],[178.9881  -32.18789 477.13632],[289.7203   -24.704973 399.96548 ]
[-182.28261  -57.67586  691.66925],[-62.489933 -49.34129  628.55066 ],[ 60.758423 -40.784664 556.4098  ],[178.91739  -32.337803 476.89032 ],[289.25626  -24.743412 399.3093  ]
[-182.28261  -57.67586  691.66925],[-62.14871  -49.327427 628.91296 ],[ 60.758423 -40.784664 556.4098  ],[179.08319  -32.336674 476.55743 ],[289.08832  -24.927816 398.7012  ]
[-182.28261  -57.67586  691.66925],[-62.124763 -49.32971  628.67786 ],[ 61.021446 -40.665634 555.8048  ],[178.85138  -32.360165 475.91772 ],[288.62552 -24.96604 398.04752]
[-182.32645   -57.675148  691.8373  ],[-62.174015 -49.419395 629.19293 ],[ 61.35959 -40.65198 555.8414 ],[178.94548  -32.508938 475.34003 ],[288.1637  -25.0042  397.39508]
[-182.2908    -57.746197  691.69214 ],[-61.766052 -49.225662 629.1287  ],[ 61.346703 -40.775547 555.6152  ],[178.94548  -32.508938 475.34003 ],[287.85458  -24.866945 396.99066 ]
[-182.28261  -57.67586  691.66925],[-61.742264 -49.22802  628.89325 ],[ 61.317093 -40.781563 555.326   ],[178.99393 -32.5196  474.68823],[287.47253 -25.06133 396.4189 ]
[-182.28261  -57.67586  691.66925],[-61.742264 -49.22802  628.89325 ],[ 61.65497  -40.768013 555.36206 ],[179.27411  -32.506866 474.67465 ],[287.22525 -25.19693 396.09152]
[-182.29909  -57.81653  691.7149 ],[-61.718487 -49.230377 628.65784 ],[ 61.96291  -40.760498 555.10876 ],[179.27411  -32.506866 474.67465 ],[286.91733  -25.059763 395.68857 ]
[-182.28261  -57.67586  691.66925],[-61.737    -49.414738 628.6145  ],[ 61.94613  -40.642853 555.04535 ],[179.5762  -32.77221 474.72626],[286.90182  -25.068241 395.3317  ]
[-182.28261  -57.67586  691.66925],[-61.737    -49.414738 628.6145  ],[ 61.96291  -40.760498 555.10876 ],[179.73969 -32.77114 474.3934 ],[286.6879   -25.078709 395.36453 ]
[-182.2908    -57.746197  691.69214 ],[-61.735622 -49.320415 628.5697  ],[ 61.938732 -40.923767 555.0861  ],[179.85641 -32.75953 474.71265],[286.90182  -25.068241 395.3317  ]
[-182.2908    -57.746197  691.69214 ],[-61.718487 -49.230377 628.65784 ],[ 61.94613  -40.642853 555.04535 ],[179.6946  -32.63285 474.3188 ],[287.13153  -25.049284 395.65582 ]
[-182.2908    -57.746197  691.69214 ],[-61.71701  -49.136017 628.6129  ],[ 61.976074 -40.6368   555.3349  ],[179.81128  -32.621204 474.63803 ],[287.2098  -25.20539 395.7344 ]
[-182.28261  -57.67586  691.66925],[-61.784607 -49.410164 629.0853  ],[ 62.022884 -40.748413 555.6879  ],[179.92804 -32.60956 474.95752],[287.5915   -25.011322 396.30502 ]
[-182.28261  -57.67586  691.66925],[-61.784607 -49.410164 629.0853  ],[ 62.00603 -40.63074 555.6246 ],[180.04486  -32.597904 475.27728 ],[288.05237  -24.973303 396.95557 ]
[-182.2908    -57.746197  691.69214 ],[-61.764633 -49.13129  629.08386 ],[ 62.035988 -40.62468  555.9144  ],[180.02275 -32.31955 475.2122 ],[288.51413 -24.93522 397.60736]
[-182.2908    -57.746197  691.69214 ],[-61.766052 -49.225662 629.1287  ],[ 62.035988 -40.62468  555.9144  ],[180.09245 -32.29699 476.1858 ],[288.6821   -24.751184 398.214   ]
[-182.2908    -57.746197  691.69214 ],[-61.764633 -49.13129  629.08386 ],[ 62.082886 -40.736332 556.2677  ],[179.92783  -32.298058 476.5191  ],[289.30246  -25.026175 399.0257  ]
[-182.2908    -57.746197  691.69214 ],[-61.740814 -49.13365  628.8484  ],[ 61.75733  -40.626232 556.4575  ],[180.04459  -32.286263 476.83978 ],[289.70535  -24.713562 399.60538 ]
[-182.2908    -57.746197  691.69214 ],[-61.7395  -49.03931 628.80347],[ 61.41877 -40.6399  556.4206 ],[179.8794  -32.28736 477.1732 ],[290.17035  -24.675064 400.2623  ]
[-182.29909  -57.81653  691.7149 ],[-61.766052 -49.225662 629.1287  ],[ 61.431396 -40.5163   556.6472  ],[179.71378 -32.28848 477.5065 ],[290.40314 -24.65579 400.59134]
[-182.2908    -57.746197  691.69214 ],[-62.15548  -49.234848 629.2364  ],[ 61.431396 -40.5163   556.6472  ],[179.83028  -32.276695 477.8276  ],[290.55725 -24.47952 400.84177]
[-182.3346   -57.74547  691.86005],[-62.15548  -49.234848 629.2364  ],[ 61.12214 -40.524   556.8997 ],[179.54776 -32.28962 477.8398 ],[290.8695 -24.6172 401.2502]
[-182.28261  -57.67586  691.66925],[-62.52097 -49.2464  629.10864],[ 60.783356 -40.53776  556.8624  ],[179.66408  -32.277847 478.16095 ],[290.8695 -24.6172 401.2502]
[-182.2908    -57.746197  691.69214 ],[-62.52261 -49.34061 629.1534 ],[ 60.783356 -40.53776  556.8624  ],[179.28862  -32.161705 477.8617  ],[290.41803  -24.647196 400.95215 ]
[-182.63474  -57.75091  691.4218 ],[-62.519463 -49.1522   629.06384 ],[ 60.766365 -40.420376 556.79944 ],[179.21997  -32.164303 477.77762 ],[290.43573 -24.52908 400.95514]
[-182.77443   -57.818985  691.9477  ],[-62.52261 -49.34061 629.1534 ],[ 60.77099 -40.66121 556.6359 ],[179.12738  -32.035347 477.4665  ],[290.1852   -24.666471 400.62292 ]
[-182.38666   -57.815083  692.05096 ],[-62.52097 -49.2464  629.10864],[ 60.72917 -40.79067 556.12054],[179.05661  -32.185417 477.2203  ],[289.7203   -24.704973 399.96548 ]
[-182.37029   -57.674427  692.0053  ],[-62.474663 -49.345295 628.68353 ],[ 60.74177  -40.667236 556.3466  ],[178.91739  -32.337803 476.89032 ],[289.48816 -24.7242  399.6372 ]
[-182.43045  -57.81436  692.21893],[-62.085472 -49.3362   628.5757  ],[ 60.69993 -40.79667 555.8315 ],[179.03806  -32.198524 476.4831  ],[289.2413 -24.752  398.9497]
[-182.38666   -57.815083  692.05096 ],[-62.106174 -49.145283 628.7211  ],[ 61.0381 -40.7831 555.868 ],[178.85138  -32.360165 475.91772 ],[288.77817  -24.790379 398.2954  ]
[-182.37842   -57.744747  692.0281  ],[-62.158764 -49.423473 629.3261  ],[ 61.346703 -40.775547 555.6152  ],[178.94548  -32.508938 475.34003 ],[288.0851   -24.847828 397.31638 ]
[-182.42224   -57.744034  692.1961  ],[-61.79136  -49.317684 629.4091  ],[ 61.317093 -40.781563 555.326   ],[179.06146  -32.497223 475.65942 ],[287.85458  -24.866945 396.99066 ]
[-182.37842   -57.744747  692.0281  ],[-61.76759 -49.32004 629.1736 ],[ 61.317093 -40.781563 555.326   ],[179.11002 -32.50789 475.0074 ],[287.39413 -24.90514 396.34027]
[-182.37842   -57.744747  692.0281  ],[-61.74383  -49.322395 628.9381  ],[ 61.608482 -40.65648  555.0095  ],[179.22905  -32.368706 474.60016 ],[287.01294 -25.09934 395.76978]
[-182.38666   -57.815083  692.05096 ],[-61.718487 -49.230377 628.65784 ],[ 61.96291  -40.760498 555.10876 ],[179.15788 -32.51859 474.35565],[286.9346   -24.943274 395.69116 ]
[-182.37842   -57.744747  692.0281  ],[-61.735622 -49.320415 628.5697  ],[ 61.932934 -40.76654  554.81934 ],[179.36961  -32.507404 474.2581  ],[286.7661  -25.23471 395.44302]
[-182.37842   -57.744747  692.0281  ],[-61.693222 -49.13839  628.37756 ],[ 61.96291  -40.760498 555.10876 ],[179.6946  -32.63285 474.3188 ],[286.6879   -25.078709 395.36453 ]
[-182.38666   -57.815083  692.05096 ],[-61.693222 -49.13839  628.37756 ],[ 61.91619 -40.64892 554.756  ],[179.7177  -32.49315 474.3282 ],[286.91733  -25.059763 395.68857 ]
[-182.37842   -57.744747  692.0281  ],[-61.71701  -49.136017 628.6129  ],[ 61.94613  -40.642853 555.04535 ],[179.87953  -32.619743 474.72214 ],[287.13153  -25.049284 395.65582 ]
[-182.3346   -57.74547  691.86005],[-61.740814 -49.13365  628.8484  ],[ 61.94613  -40.642853 555.04535 ],[179.87953  -32.619743 474.72214 ],[286.91733  -25.059763 395.68857 ]
[-182.37842   -57.744747  692.0281  ],[-61.742264 -49.22802  628.89325 ],[ 62.00603 -40.63074 555.6246 ],[179.99635 -32.60803 475.0417 ],[287.37677 -25.02183 396.33762]
[-182.38666   -57.815083  692.05096 ],[-61.764633 -49.13129  629.08386 ],[ 62.00603 -40.63074 555.6246 ],[180.06805 -32.4579  475.28677],[287.83716  -24.983835 396.98798 ]
[-182.37842   -57.744747  692.0281  ],[-61.78985 -49.2233  629.3643 ],[ 62.035988 -40.62468  555.9144  ],[179.9977  -32.58736 475.93045],[288.2985   -24.945784 397.63965 ]
[-182.37842   -57.744747  692.0281  ],[-61.832268 -49.405598 629.5563  ],[ 62.06596 -40.61862 556.20435],[179.85645  -32.448196 476.27325 ],[288.76065 -24.90767 398.2926 ]
[-182.42224   -57.744034  692.1961  ],[-61.742264 -49.22802  628.89325 ],[ 62.06596 -40.61862 556.20435],[179.92783  -32.298058 476.5191  ],[288.99213 -24.88859 398.61957]
[-182.37842   -57.744747  692.0281  ],[-61.740814 -49.13365  628.8484  ],[ 61.41877 -40.6399  556.4206 ],[180.16142  -32.274464 477.16064 ],[289.70535  -24.713562 399.60538 ]
[-182.37842   -57.744747  692.0281  ],[-61.740814 -49.13365  628.8484  ],[ 61.401833 -40.522358 556.35736 ],[179.8794  -32.28736 477.1732 ],[289.93774  -24.694323 399.9337  ]
[-182.32645   -57.675148  691.8373  ],[-61.740814 -49.13365  628.8484  ],[ 61.44837  -40.633858 556.7103  ],[179.83028  -32.276695 477.8276  ],[290.40314 -24.65579 400.59134]
[-182.42224   -57.744034  692.1961  ],[-62.15403  -49.140564 629.1916  ],[ 61.431396 -40.5163   556.6472  ],[179.78491 -32.13834 477.7532 ],[290.63623  -24.636503 400.92062 ]
[-182.38666   -57.815083  692.05096 ],[-62.15403  -49.140564 629.1916  ],[ 61.109657 -40.647537 556.67316 ],[179.50244 -32.15132 477.7654 ],[290.63623  -24.636503 400.92062 ]
[-182.37842   -57.744747  692.0281  ],[-62.518078 -49.058025 629.0191  ],[ 60.800213 -40.65519  556.9254  ],[179.33603  -32.152504 478.0987  ],[290.8695 -24.6172 401.2502]
[-182.37842   -57.744747  692.0281  ],[-62.519463 -49.1522   629.06384 ],[ 60.800213 -40.65519  556.9254  ],[179.33603  -32.152504 478.0987  ],[290.63623  -24.636503 400.92062 ]
[-182.38666   -57.815083  692.05096 ],[-62.49696 -49.24874 628.87366],[ 60.783356 -40.53776  556.8624  ],[179.21997  -32.164303 477.77762 ],[290.1852   -24.666471 400.62292 ]
[-182.37842   -57.744747  692.0281  ],[-62.495422 -49.154556 628.8289  ],[ 60.77099 -40.66121 556.6359 ],[179.104   -32.1761  477.45685],[289.95267 -24.68573 400.29407]
[-182.38666   -57.815083  692.05096 ],[-62.4659   -49.343575 628.31586 ],[ 60.758423 -40.784664 556.4098  ],[178.9881  -32.18789 477.13632],[289.7203   -24.704973 399.96548 ]
[-182.37842   -57.744747  692.0281  ],[-62.447388 -49.15926  628.3591  ],[ 60.758423 -40.784664 556.4098  ],[178.8016   -32.349545 476.57022 ],[289.25626  -24.743412 399.3093  ]
[-182.37029   -57.674427  692.0053  ],[-62.106174 -49.145283 628.7211  ],[ 60.71255  -40.673252 556.0574  ],[178.64088 -32.22323 476.1761 ],[289.08832  -24.927816 398.7012  ]
[-182.38666   -57.815083  692.05096 ],[-62.15403  -49.140564 629.1916  ],[ 61.0381 -40.7831 555.868 ],[178.85138  -32.360165 475.91772 ],[288.5469   -24.809542 397.96872 ]
[-182.37842   -57.744747  692.0281  ],[-62.15403  -49.140564 629.1916  ],[ 61.35959 -40.65198 555.8414 ],[178.94548  -32.508938 475.34003 ],[288.0851   -24.847828 397.31638 ]
[-182.3346   -57.74547  691.86005],[-61.764633 -49.13129  629.08386 ],[ 61.317093 -40.781563 555.326   ],[178.9005  -32.37082 475.26556],[287.85458  -24.866945 396.99066 ]
[-182.32645   -57.675148  691.8373  ],[-61.764633 -49.13129  629.08386 ],[ 61.317093 -40.781563 555.326   ],[178.99393 -32.5196  474.68823],[287.39413 -24.90514 396.34027]
[-182.37029   -57.674427  692.0053  ],[-61.764633 -49.13129  629.08386 ],[ 61.65497  -40.768013 555.36206 ],[179.27411  -32.506866 474.67465 ],[287.01294 -25.09934 395.76978]
[-182.32645   -57.675148  691.8373  ],[-61.693222 -49.13839  628.37756 ],[ 61.976074 -40.6368   555.3349  ],[179.15788 -32.51859 474.35565],[286.9346   -24.943274 395.69116 ]
[-182.32645   -57.675148  691.8373  ],[-61.71701  -49.136017 628.6129  ],[ 61.91619 -40.64892 554.756  ],[179.4378   -32.505875 474.34198 ],[286.47598  -24.981348 395.04333 ]
[-182.3346   -57.74547  691.86005],[-61.718487 -49.230377 628.65784 ],[ 61.96291  -40.760498 555.10876 ],[179.48282  -32.644108 474.4166  ],[286.45874 -25.09764 395.0408 ]
[-182.3346   -57.74547  691.86005],[-61.71701  -49.136017 628.6129  ],[ 61.96291  -40.760498 555.10876 ],[179.87953  -32.619743 474.72214 ],[286.7661  -25.23471 395.44302]
[-182.2908    -57.746197  691.69214 ],[-61.740814 -49.13365  628.8484  ],[ 61.94613  -40.642853 555.04535 ],[179.7177  -32.49315 474.3282 ],[286.99554  -25.215828 395.76712 ]
[-182.3346   -57.74547  691.86005],[-61.7395  -49.03931 628.80347],[ 62.00603 -40.63074 555.6246 ],[179.8344   -32.481403 474.64746 ],[287.22525 -25.19693 396.09152]
[-182.34286   -57.815804  691.8829  ],[-61.764633 -49.13129  629.08386 ],[ 62.0396   -40.866127 555.75134 ],[179.8344   -32.481403 474.64746 ],[287.45514  -25.178019 396.41623 ]
[-182.3346   -57.74547  691.86005],[-61.764633 -49.13129  629.08386 ],[ 62.035988 -40.62468  555.9144  ],[180.185   -32.44614 475.60678],[287.83716  -24.983835 396.98798 ]
[-182.38666   -57.815083  692.05096 ],[-61.812305 -49.126564 629.55505 ],[ 62.035988 -40.62468  555.9144  ],[179.97562 -32.30879 475.86545],[288.377    -25.102217 397.71838 ]
[-182.34286   -57.815804  691.8829  ],[-61.788464 -49.128925 629.3194  ],[ 62.082886 -40.736332 556.2677  ],[180.13779 -32.4354  476.26038],[288.76065 -24.90767 398.2926 ]
[-182.34286   -57.815804  691.8829  ],[-61.740814 -49.13365  628.8484  ],[ 61.75733  -40.626232 556.4575  ],[179.97314  -32.436443 476.5937  ],[289.3201   -24.908682 399.02863 ]
[-182.34286   -57.815804  691.8829  ],[-61.740814 -49.13365  628.8484  ],[ 61.77421 -40.74389 556.5208 ],[180.16142  -32.274464 477.16064 ],[289.70535  -24.713562 399.60538 ]
[-182.34286   -57.815804  691.8829  ],[-61.766052 -49.225662 629.1287  ],[ 61.46521  -40.751457 556.77356 ],[179.8794  -32.28736 477.1732 ],[290.01666  -24.851189 400.01257 ]
[-182.3346   -57.74547  691.86005],[-62.12618  -49.423954 628.7226  ],[ 61.46521  -40.751457 556.77356 ],[179.83028  -32.276695 477.8276  ],[290.40314 -24.65579 400.59134]
[-182.3346   -57.74547  691.86005],[-62.131577 -49.237206 629.00116 ],[ 61.477978 -40.627815 557.00024 ],[179.83028  -32.276695 477.8276  ],[290.40314 -24.65579 400.59134]
[-182.2908    -57.746197  691.69214 ],[-62.15548  -49.234848 629.2364  ],[ 61.16849  -40.635475 557.25275 ],[179.66408  -32.277847 478.16095 ],[290.63623  -24.636503 400.92062 ]
[-182.2908    -57.746197  691.69214 ],[-62.15403  -49.140564 629.1916  ],[ 60.783356 -40.53776  556.8624  ],[179.33603  -32.152504 478.0987  ],[290.41803  -24.647196 400.95215 ]
[-182.29909  -57.81653  691.7149 ],[-62.52097 -49.2464  629.10864],[ 60.783356 -40.53776  556.8624  ],[179.2652   -32.302547 477.85202 ],[290.41803  -24.647196 400.95215 ]
[-182.3346   -57.74547  691.86005],[-62.519463 -49.1522   629.06384 ],[ 60.77099 -40.66121 556.6359 ],[179.2434  -32.02345 477.7873 ],[290.1852   -24.666471 400.62292 ]
[-182.28261  -57.67586  691.66925],[-62.495422 -49.154556 628.8289  ],[ 60.75417  -40.543804 556.57294 ],[179.12738  -32.035347 477.4665  ],[289.95267 -24.68573 400.29407]
[-182.32645   -57.675148  691.8373  ],[-62.471397 -49.15691  628.594   ],[ 60.758423 -40.784664 556.4098  ],[178.9881  -32.18789 477.13632],[289.73795 -24.58716 399.96835]
[-182.32645   -57.675148  691.8373  ],[-62.471397 -49.15691  628.594   ],[ 60.74177  -40.667236 556.3466  ],[178.8016   -32.349545 476.57022 ],[289.25626  -24.743412 399.3093  ]
[-182.67033   -57.679947  691.5667  ],[-62.49863  -49.342957 628.91846 ],[ 60.74177  -40.667236 556.3466  ],[178.8016   -32.349545 476.57022 ],[288.79315  -24.781792 398.6545  ]
[-182.67033   -57.679947  691.5667  ],[-62.133183 -49.3315   629.04596 ],[ 61.06754 -40.77709 556.15735],[178.85138  -32.360165 475.91772 ],[288.40955  -24.976562 398.07974 ]
[-182.70607   -57.609005  691.7117  ],[-62.131577 -49.237206 629.00116 ],[ 61.35959 -40.65198 555.8414 ],[179.06146  -32.497223 475.65942 ],[288.1637  -25.0042  397.39508]
[-182.32645   -57.675148  691.8373  ],[-61.76759 -49.32004 629.1736 ],[ 61.317093 -40.781563 555.326   ],[178.82957  -32.520638 475.02078 ],[287.85458  -24.866945 396.99066 ]
[-182.32645   -57.675148  691.8373  ],[-61.742264 -49.22802  628.89325 ],[ 61.300434 -40.664062 555.2627  ],[179.03886  -32.657764 474.76288 ],[287.2426   -25.080343 396.09415 ]
[-182.67033   -57.679947  691.5667  ],[-61.718487 -49.230377 628.65784 ],[ 61.608482 -40.65648  555.0095  ],[179.27411  -32.506866 474.67465 ],[287.01294 -25.09934 395.76978]
[-182.32645   -57.675148  691.8373  ],[-61.71701  -49.136017 628.6129  ],[ 61.94613  -40.642853 555.04535 ],[179.11285  -32.380466 474.28122 ],[286.9346   -24.943274 395.69116 ]
[-182.32645   -57.675148  691.8373  ],[-61.71701  -49.136017 628.6129  ],[ 61.96291  -40.760498 555.10876 ],[179.4378   -32.505875 474.34198 ],[286.6879   -25.078709 395.36453 ]
[-182.28261  -57.67586  691.66925],[-61.693222 -49.13839  628.37756 ],[ 61.932934 -40.76654  554.81934 ],[179.7177  -32.49315 474.3282 ],[286.90182  -25.068241 395.3317  ]
[-182.28261  -57.67586  691.66925],[-61.693222 -49.13839  628.37756 ],[ 61.96291  -40.760498 555.10876 ],[179.7177  -32.49315 474.3282 ],[286.90182  -25.068241 395.3317  ]
[-182.28261  -57.67586  691.66925],[-61.742264 -49.22802  628.89325 ],[ 61.976074 -40.6368   555.3349  ],[179.7177  -32.49315 474.3282 ],[286.91733  -25.059763 395.68857 ]
[-182.28261  -57.67586  691.66925],[-61.742264 -49.22802  628.89325 ],[ 61.95913 -40.51918 555.2716 ],[179.95119  -32.469658 474.967   ],[287.22525 -25.19693 396.09152]
[-182.32645   -57.675148  691.8373  ],[-61.76759 -49.32004 629.1736 ],[ 61.96291  -40.760498 555.10876 ],[179.8344   -32.481403 474.64746 ],[287.60687 -25.00284 396.66263]
[-182.32645   -57.675148  691.8373  ],[-61.766052 -49.225662 629.1287  ],[ 62.00603 -40.63074 555.6246 ],[180.06805 -32.4579  475.28677],[287.83716  -24.983835 396.98798 ]
[-182.32645   -57.675148  691.8373  ],[-61.832268 -49.405598 629.5563  ],[ 62.035988 -40.62468  555.9144  ],[179.85887  -32.320576 475.54535 ],[288.377    -25.102217 397.71838 ]
[-182.32645   -57.675148  691.8373  ],[-61.76759 -49.32004 629.1736 ],[ 62.0396   -40.866127 555.75134 ],[180.09245 -32.29699 476.1858 ],[288.76065 -24.90767 398.2926 ]
[-182.32645   -57.675148  691.8373  ],[-61.78985 -49.2233  629.3643 ],[ 61.727547 -40.632282 556.16766 ],[179.88246 -32.15973 476.44473],[289.2413 -24.752  398.9497]
[-182.32645   -57.675148  691.8373  ],[-61.78985 -49.2233  629.3643 ],[ 61.35959 -40.65198 555.8414 ],[179.99916  -32.147903 476.76535 ],[289.70535  -24.713562 399.60538 ]
[-182.67853  -57.75019  691.5896 ],[-61.78985 -49.2233  629.3643 ],[ 61.37227  -40.528416 556.0677  ],[179.83401 -32.14902 477.09875],[290.17035  -24.675064 400.2623  ]
[-182.28261  -57.67586  691.66925],[-61.811077 -49.032207 629.5102  ],[ 61.401833 -40.522358 556.35736 ],[179.66844  -32.150158 477.4321  ],[290.40314 -24.65579 400.59134]
[-182.2908    -57.746197  691.69214 ],[-62.179394 -49.232502 629.47174 ],[ 61.09276 -40.53005 556.61005],[179.78491 -32.13834 477.7532 ],[290.63623  -24.636503 400.92062 ]
[-182.67033   -57.679947  691.5667  ],[-62.179394 -49.232502 629.47174 ],[ 61.07572  -40.412605 556.547   ],[179.50244 -32.15132 477.7654 ],[290.63623  -24.636503 400.92062 ]
[-182.67853  -57.75019  691.5896 ],[-62.19663  -49.322857 629.38336 ],[ 60.75417  -40.543804 556.57294 ],[179.2652   -32.302547 477.85202 ],[290.63623  -24.636503 400.92062 ]
[-182.3346   -57.74547  691.86005],[-62.52097 -49.2464  629.10864],[ 60.724987 -40.549843 556.2835  ],[179.2652   -32.302547 477.85202 ],[290.41803  -24.647196 400.95215 ]
[-182.32645   -57.675148  691.8373  ],[-62.52097 -49.2464  629.10864],[ 60.708065 -40.432487 556.2205  ],[179.21997  -32.164303 477.77762 ],[290.1852   -24.666471 400.62292 ]
[-182.32645   -57.675148  691.8373  ],[-62.52261 -49.34061 629.1534 ],[ 60.724987 -40.549843 556.2835  ],[179.14919 -32.31431 477.53125],[289.95267 -24.68573 400.29407]
[-182.32645   -57.675148  691.8373  ],[-62.53804 -49.33674 629.02045],[ 60.678925 -40.438545 555.93134 ],[178.9881  -32.18789 477.13632],[289.48816 -24.7242  399.6372 ]
[-182.32645   -57.675148  691.8373  ],[-62.49696 -49.24874 628.87366],[ 60.695805 -40.55588  555.99426 ],[178.75653 -32.21145 476.49588],[289.2413 -24.752  398.9497]
[-182.27449  -57.60553  691.64636],[-62.106174 -49.145283 628.7211  ],[ 60.683346 -40.67927  555.7683  ],[178.92215  -32.210308 476.1631  ],[289.08832  -24.927816 398.7012  ]
[-182.32645   -57.675148  691.8373  ],[-62.15548  -49.234848 629.2364  ],[ 60.992058 -40.671654 555.5157  ],[178.85138  -32.360165 475.91772 ],[288.62552 -24.96604 398.04752]
[-182.27449  -57.60553  691.64636],[-62.15548  -49.234848 629.2364  ],[ 61.300434 -40.664062 555.2627  ],[178.85544  -32.232754 475.19122 ],[288.1637  -25.0042  397.39508]
[-182.3346   -57.74547  691.86005],[-61.766052 -49.225662 629.1287  ],[ 61.27087 -40.6701  554.97363],[178.9005  -32.37082 475.26556],[287.62427  -24.886051 396.66528 ]
[-182.32645   -57.675148  691.8373  ],[-61.76759 -49.32004 629.1736 ],[ 61.27087 -40.6701  554.97363],[179.03886  -32.657764 474.76288 ],[287.39413 -24.90514 396.34027]
[-182.32645   -57.675148  691.8373  ],[-61.7608  -49.41245 628.84985],[ 61.59539  -40.780075 554.7837  ],[179.27411  -32.506866 474.67465 ],[287.01294 -25.09934 395.76978]
[-182.32645   -57.675148  691.8373  ],[-61.74383  -49.322395 628.9381  ],[ 61.91619 -40.64892 554.756  ],[179.11285  -32.380466 474.28122 ],[286.78348  -25.118324 395.4457  ]
[-182.32645   -57.675148  691.8373  ],[-61.737    -49.414738 628.6145  ],[ 61.91619 -40.64892 554.756  ],[179.4378   -32.505875 474.34198 ],[286.7661  -25.23471 395.44302]
[-182.28261  -57.67586  691.66925],[-61.714756 -49.511364 628.42413 ],[ 61.91619 -40.64892 554.756  ],[179.4378   -32.505875 474.34198 ],[286.7661  -25.23471 395.44302]
[-182.3346   -57.74547  691.86005],[-61.76388 -49.60117 628.93964],[ 61.91619 -40.64892 554.756  ],[179.7177  -32.49315 474.3282 ],[286.91733  -25.059763 395.68857 ]
[-182.32645   -57.675148  691.8373  ],[-61.742264 -49.22802  628.89325 ],[ 61.94613  -40.642853 555.04535 ],[179.7177  -32.49315 474.3282 ],[287.13153  -25.049284 395.65582 ]
[-182.32645   -57.675148  691.8373  ],[-61.742264 -49.22802  628.89325 ],[ 61.94613  -40.642853 555.04535 ],[179.92804 -32.60956 474.95752],[287.14694  -25.040806 396.01294 ]
[-182.3346   -57.74547  691.86005],[-61.784607 -49.410164 629.0853  ],[ 61.96291  -40.760498 555.10876 ],[179.88278  -32.471256 474.88303 ],[287.68524 -25.15909 396.7413 ]
[-182.72237  -57.74947  691.7573 ],[-61.807144 -49.31354  629.27594 ],[ 61.992897 -40.754456 555.39825 ],[179.76425 -32.61066 475.29053],[287.83716  -24.983835 396.98798 ]
[-182.37842   -57.744747  692.0281  ],[-61.832268 -49.405598 629.5563  ],[ 62.0396   -40.866127 555.75134 ],[179.8357   -32.460697 475.53592 ],[288.377    -25.102217 397.71838 ]
[-182.37842   -57.744747  692.0281  ],[-61.832268 -49.405598 629.5563  ],[ 62.00603 -40.63074 555.6246 ],[179.78792  -32.450165 476.18915 ],[288.76065 -24.90767 398.2926 ]
[-182.3346   -57.74547  691.86005],[-61.784607 -49.410164 629.0853  ],[ 61.69777  -40.638332 555.87787 ],[179.88246 -32.15973 476.44473],[289.2413 -24.752  398.9497]
[-182.3346   -57.74547  691.86005],[-61.784607 -49.410164 629.0853  ],[ 61.727547 -40.632282 556.16766 ],[179.78856  -32.010735 477.0245  ],[289.70535  -24.713562 399.60538 ]
[-182.3346   -57.74547  691.86005],[-61.81366 -49.22094 629.59985],[ 61.384754 -40.404854 556.29425 ],[179.95064  -32.137188 477.41977 ],[289.93774  -24.694323 399.9337  ]
[-182.3346   -57.74547  691.86005],[-61.833656 -49.49996  629.6011  ],[ 61.401833 -40.522358 556.35736 ],[179.78491 -32.13834 477.7532 ],[290.40314 -24.65579 400.59134]
[-182.32645   -57.675148  691.8373  ],[-62.179394 -49.232502 629.47174 ],[ 61.063385 -40.5361   556.32043 ],[179.83028  -32.276695 477.8276  ],[290.40314 -24.65579 400.59134]
[-182.3346   -57.74547  691.86005],[-62.197952 -49.417114 629.42816 ],[ 61.063385 -40.5361   556.32043 ],[179.61876  -32.139507 478.0866  ],[290.63623  -24.636503 400.92062 ]
[-182.67033   -57.679947  691.5667  ],[-62.179394 -49.232502 629.47174 ],[ 60.708065 -40.432487 556.2205  ],[179.50244 -32.15132 477.7654 ],[290.41803  -24.647196 400.95215 ]
[-182.3346   -57.74547  691.86005],[-62.56501  -49.522816 629.3449  ],[ 60.724987 -40.549843 556.2835  ],[179.3813   -32.290783 478.173   ],[290.63623  -24.636503 400.92062 ]
[-182.37842   -57.744747  692.0281  ],[-62.56501  -49.522816 629.3449  ],[ 60.73721 -40.42643 556.5099 ],[179.2652   -32.302547 477.85202 ],[290.1852   -24.666471 400.62292 ]
[-182.67033   -57.679947  691.5667  ],[-62.54499 -49.24405 629.3436 ],[ 60.6619   -40.321247 555.86835 ],[179.12738  -32.035347 477.4665  ],[289.93774  -24.694323 399.9337  ]
[-182.72237  -57.74947  691.7573 ],[-62.53945  -49.430897 629.0652  ],[ 60.678925 -40.438545 555.93134 ],[179.03325  -32.326057 477.21063 ],[289.7203   -24.704973 399.96548 ]
[-182.67033   -57.679947  691.5667  ],[-62.515427 -49.433174 628.83026 ],[ 60.71255  -40.673252 556.0574  ],[178.8016   -32.349545 476.57022 ],[289.02463 -24.76261 398.98172]
[-182.67853  -57.75019  691.5896 ],[-62.49696 -49.24874 628.87366],[ 60.637474 -40.56796  555.4163  ],[178.96725  -32.348423 476.23743 ],[289.00958  -24.771196 398.6224  ]
[-182.68683   -57.820427  691.6123  ],[-62.15705 -49.32915 629.28125],[ 60.962677 -40.67769  555.2267  ],[178.85138  -32.360165 475.91772 ],[288.33096 -24.82011 398.00098]
[-182.72237  -57.74947  691.7573 ],[-62.1516   -49.515938 629.00256 ],[ 61.27087 -40.6701  554.97363],[178.9005  -32.37082 475.26556],[288.0851   -24.847828 397.31638 ]
[-182.71417   -57.679237  691.73444 ],[-61.766052 -49.225662 629.1287  ],[ 61.283638 -40.546593 555.1996  ],[178.9005  -32.37082 475.26556],[287.62427  -24.886051 396.66528 ]
[-182.72237  -57.74947  691.7573 ],[-61.76227  -49.506798 628.8948  ],[ 61.300434 -40.664062 555.2627  ],[178.99393 -32.5196  474.68823],[287.2426   -25.080343 396.09415 ]
[-182.67853  -57.75019  691.5896 ],[-61.78606 -49.50452 629.13025],[ 61.578728 -40.66253  554.72034 ],[179.22905  -32.368706 474.60016 ],[287.01294 -25.09934 395.76978]
[-182.37842   -57.744747  692.0281  ],[-61.76227  -49.506798 628.8948  ],[ 61.89931  -40.531334 554.6927  ],[179.11285  -32.380466 474.28122 ],[286.91733  -25.059763 395.68857 ]
[-182.37842   -57.744747  692.0281  ],[-61.742264 -49.22802  628.89325 ],[ 61.882294 -40.41379  554.62946 ],[179.4378   -32.505875 474.34198 ],[286.6879   -25.078709 395.36453 ]
[-182.37029   -57.674427  692.0053  ],[-61.742264 -49.22802  628.89325 ],[ 61.91619 -40.64892 554.756  ],[179.4378   -32.505875 474.34198 ],[286.7661  -25.23471 395.44302]
[-182.3346   -57.74547  691.86005],[-61.75945 -49.31812 628.805  ],[ 61.91619 -40.64892 554.756  ],[179.6946  -32.63285 474.3188 ],[286.99554  -25.215828 395.76712 ]
[-182.37842   -57.744747  692.0281  ],[-61.784607 -49.410164 629.0853  ],[ 61.96291  -40.760498 555.10876 ],[179.76279  -32.631447 474.40286 ],[286.91733  -25.059763 395.68857 ]
[-182.37842   -57.744747  692.0281  ],[-61.7608  -49.41245 628.84985],[ 61.94613  -40.642853 555.04535 ],[179.8344   -32.481403 474.64746 ],[287.37677 -25.02183 396.33762]
[-182.37842   -57.744747  692.0281  ],[-61.784607 -49.410164 629.0853  ],[ 61.94613  -40.642853 555.04535 ],[179.95119  -32.469658 474.967   ],[287.68524 -25.15909 396.7413 ]
[-182.36221  -57.6041   691.98236],[-61.807144 -49.31354  629.27594 ],[ 61.976074 -40.6368   555.3349  ],[179.74222  -32.332363 475.22556 ],[287.91562  -25.140148 397.06665 ]
[-182.32645   -57.675148  691.8373  ],[-61.807144 -49.31354  629.27594 ],[ 61.95913 -40.51918 555.2716 ],[179.97562 -32.30879 475.86545],[288.377    -25.102217 397.71838 ]
[-182.32645   -57.675148  691.8373  ],[-61.78985 -49.2233  629.3643 ],[ 62.00603 -40.63074 555.6246 ],[179.76584 -32.17156 476.1243 ],[288.76065 -24.90767 398.2926 ]
[-182.32645   -57.675148  691.8373  ],[-61.78329 -49.31583 629.0404 ],[ 61.714584 -40.75595  555.94116 ],[179.92783  -32.298058 476.5191  ],[289.2238   -24.869493 398.94687 ]
[-182.3346   -57.74547  691.86005],[-61.758224 -49.22381  628.7602  ],[ 61.41877 -40.6399  556.4206 ],[180.04459  -32.286263 476.83978 ],[289.70535  -24.713562 399.60538 ]
[-182.3346   -57.74547  691.86005],[-61.78985 -49.2233  629.3643 ],[ 61.355232 -40.410934 556.00464 ],[179.99605  -32.275574 477.4942  ],[290.01666  -24.851189 400.01257 ]
[-182.3346   -57.74547  691.86005],[-62.179394 -49.232502 629.47174 ],[ 61.44837  -40.633858 556.7103  ],[179.83028  -32.276695 477.8276  ],[290.40314 -24.65579 400.59134]
[-182.3346   -57.74547  691.86005],[-62.179394 -49.232502 629.47174 ],[ 61.07572  -40.412605 556.547   ],[179.78491 -32.13834 477.7532 ],[290.63623  -24.636503 400.92062 ]
[-182.67033   -57.679947  691.5667  ],[-62.179394 -49.232502 629.47174 ],[ 61.07572  -40.412605 556.547   ],[179.50244 -32.15132 477.7654 ],[290.63623  -24.636503 400.92062 ]
[-182.3346   -57.74547  691.86005],[-62.54499 -49.24405 629.3436 ],[ 60.75417  -40.543804 556.57294 ],[179.21997  -32.164303 477.77762 ],[290.65393  -24.518394 400.92358 ]
[-182.37842   -57.744747  692.0281  ],[-62.54499 -49.24405 629.3436 ],[ 60.77099 -40.66121 556.6359 ],[179.21997  -32.164303 477.77762 ],[290.63623  -24.636503 400.92062 ]
[-182.37842   -57.744747  692.0281  ],[-62.54499 -49.24405 629.3436 ],[ 60.708065 -40.432487 556.2205  ],[179.21997  -32.164303 477.77762 ],[290.42084  -24.537785 400.59424 ]
[-182.3346   -57.74547  691.86005],[-62.49696 -49.24874 628.87366],[ 60.678925 -40.438545 555.93134 ],[179.01146  -32.047237 477.1459  ],[290.01666  -24.851189 400.01257 ]
[-182.3346   -57.74547  691.86005],[-62.49696 -49.24874 628.87366],[ 60.724987 -40.549843 556.2835  ],[178.87227  -32.199673 476.81598 ],[289.723   -24.59586 399.60825]
[-182.28261  -57.67586  691.66925],[-62.540997 -49.525085 629.1099  ],[ 60.683346 -40.67927  555.7683  ],[178.75653 -32.21145 476.49588],[289.02463 -24.76261 398.98172]
[-182.28261  -57.67586  691.66925],[-62.15548  -49.234848 629.2364  ],[ 61.021446 -40.665634 555.8048  ],[178.8063   -32.222084 475.84332 ],[288.77817  -24.790379 398.2954  ]
[-182.32645   -57.675148  691.8373  ],[-62.180943 -49.32681  629.51654 ],[ 60.992058 -40.671654 555.5157  ],[179.13248  -32.347317 475.9046  ],[288.31592  -24.828691 397.64236 ]
[-182.32645   -57.675148  691.8373  ],[-61.78985 -49.2233  629.3643 ],[ 61.317093 -40.781563 555.326   ],[178.94548  -32.508938 475.34003 ],[287.93307  -25.023258 397.06937 ]
[-182.28261  -57.67586  691.66925],[-61.764633 -49.13129  629.08386 ],[ 61.2541   -40.552647 554.9104  ],[178.94548  -32.508938 475.34003 ],[287.85458  -24.866945 396.99066 ]
[-182.32645   -57.675148  691.8373  ],[-61.784607 -49.410164 629.0853  ],[ 61.287487 -40.787586 555.03687 ],[179.11002 -32.50789 475.0074 ],[287.47253 -25.06133 396.4189 ]
[-182.32645   -57.675148  691.8373  ],[-61.718487 -49.230377 628.65784 ],[ 61.578728 -40.66253  554.72034 ],[179.06776 -32.2424  474.20682],[286.9346   -24.943274 395.69116 ]
[-182.32645   -57.675148  691.8373  ],[-61.740814 -49.13365  628.8484  ],[ 61.89931  -40.531334 554.6927  ],[179.15788 -32.51859 474.35565],[286.9346   -24.943274 395.69116 ]
[-182.32645   -57.675148  691.8373  ],[-61.75945 -49.31812 628.805  ],[ 61.94613  -40.642853 555.04535 ],[179.4378   -32.505875 474.34198 ],[286.7661  -25.23471 395.44302]
[-182.28261  -57.67586  691.66925],[-61.7608  -49.41245 628.84985],[ 61.89931  -40.531334 554.6927  ],[179.39268  -32.367687 474.2674  ],[286.6879   -25.078709 395.36453 ]
[-182.2908    -57.746197  691.69214 ],[-61.742264 -49.22802  628.89325 ],[ 61.891983 -40.812115 554.73346 ],[179.6725   -32.354908 474.25366 ],[286.91733  -25.059763 395.68857 ]
[-182.32645   -57.675148  691.8373  ],[-61.74383  -49.322395 628.9381  ],[ 61.91619 -40.64892 554.756  ],[179.7177  -32.49315 474.3282 ],[286.99554  -25.215828 395.76712 ]
[-182.3346   -57.74547  691.86005],[-61.766052 -49.225662 629.1287  ],[ 61.96291  -40.760498 555.10876 ],[179.8344   -32.481403 474.64746 ],[287.22525 -25.19693 396.09152]
[-182.32645   -57.675148  691.8373  ],[-61.76759 -49.32004 629.1736 ],[ 61.94613  -40.642853 555.04535 ],[180.02275 -32.31955 475.2122 ],[287.60687 -25.00284 396.66263]
[-182.32645   -57.675148  691.8373  ],[-61.766052 -49.225662 629.1287  ],[ 61.976074 -40.6368   555.3349  ],[179.85887  -32.320576 475.54535 ],[287.83716  -24.983835 396.98798 ]
[-182.32645   -57.675148  691.8373  ],[-61.78985 -49.2233  629.3643 ],[ 61.992897 -40.754456 555.39825 ],[179.90414 -32.45891 475.61993],[288.60803 -25.08323 398.04474]
[-182.32645   -57.675148  691.8373  ],[-61.78985 -49.2233  629.3643 ],[ 61.992897 -40.754456 555.39825 ],[179.6493   -32.183376 475.80414 ],[289.00958  -24.771196 398.6224  ]
[-182.32645   -57.675148  691.8373  ],[-61.740814 -49.13365  628.8484  ],[ 61.744396 -40.74992  556.23096 ],[179.88246 -32.15973 476.44473],[289.2413 -24.752  398.9497]
[-182.37029   -57.674427  692.0053  ],[-61.766052 -49.225662 629.1287  ],[ 61.727547 -40.632282 556.16766 ],[179.7628   -32.299145 476.85242 ],[289.70535  -24.713562 399.60538 ]
[-182.31836   -57.604813  691.81445 ],[-61.766052 -49.225662 629.1287  ],[ 61.38918 -40.64594 556.13086],[179.83401 -32.14902 477.09875],[289.93774  -24.694323 399.9337  ]
[-182.3346   -57.74547  691.86005],[-61.78985 -49.2233  629.3643 ],[ 61.401833 -40.522358 556.35736 ],[179.66844  -32.150158 477.4321  ],[290.48215  -24.812784 400.6703  ]
[-182.32645   -57.675148  691.8373  ],[-62.15548  -49.234848 629.2364  ],[ 61.07572  -40.412605 556.547   ],[179.78491 -32.13834 477.7532 ],[290.40314 -24.65579 400.59134]
[-182.32645   -57.675148  691.8373  ],[-62.569016 -49.241703 629.57874 ],[ 61.063385 -40.5361   556.32043 ],[179.52586 -32.01047 477.77515],[290.63623  -24.636503 400.92062 ]
[-182.32645   -57.675148  691.8373  ],[-62.54351 -49.14985 629.2989 ],[ 60.75417  -40.543804 556.57294 ],[179.50244 -32.15132 477.7654 ],[290.63623  -24.636503 400.92062 ]
[-182.32645   -57.675148  691.8373  ],[-62.54499 -49.24405 629.3436 ],[ 60.75417  -40.543804 556.57294 ],[179.2434  -32.02345 477.7873 ],[290.41803  -24.647196 400.95215 ]
[-182.32645   -57.675148  691.8373  ],[-62.54499 -49.24405 629.3436 ],[ 60.724987 -40.549843 556.2835  ],[179.21997  -32.164303 477.77762 ],[289.95267 -24.68573 400.29407]
[-182.32645   -57.675148  691.8373  ],[-62.54499 -49.24405 629.3436 ],[ 60.74177  -40.667236 556.3466  ],[179.05661  -32.185417 477.2203  ],[289.7203   -24.704973 399.96548 ]
[-182.32645   -57.675148  691.8373  ],[-62.49863  -49.342957 628.91846 ],[ 60.74177  -40.667236 556.3466  ],[178.8956  -32.05912 476.82556],[289.48816 -24.7242  399.6372 ]
[-182.3346   -57.74547  691.86005],[-62.47296  -49.251087 628.6387  ],[ 60.71255  -40.673252 556.0574  ],[178.8249   -32.209106 476.57977 ],[289.02463 -24.76261 398.98172]
[-182.32645   -57.675148  691.8373  ],[-62.131577 -49.237206 629.00116 ],[ 60.9753   -40.554245 555.4525  ],[178.99052  -32.208084 476.247   ],[288.77817  -24.790379 398.2954  ]
[-182.32645   -57.675148  691.8373  ],[-62.15548  -49.234848 629.2364  ],[ 60.992058 -40.671654 555.5157  ],[179.01645  -32.359074 475.585   ],[288.31592  -24.828691 397.64236 ]
[-182.3346   -57.74547  691.86005],[-62.15705 -49.32915 629.28125],[ 61.300434 -40.664062 555.2627  ],[178.94548  -32.508938 475.34003 ],[288.0851   -24.847828 397.31638 ]
[-182.37842   -57.744747  692.0281  ],[-61.76759 -49.32004 629.1736 ],[ 61.257893 -40.79361  554.748   ],[179.22615  -32.496174 475.32672 ],[287.62427  -24.886051 396.66528 ]
[-182.37842   -57.744747  692.0281  ],[-61.74383  -49.322395 628.9381  ],[ 61.27087 -40.6701  554.97363],[178.99393 -32.5196  474.68823],[287.1643   -24.924217 396.01556 ]
[-182.32645   -57.675148  691.8373  ],[-61.76227  -49.506798 628.8948  ],[ 61.608482 -40.65648  555.0095  ],[179.27411  -32.506866 474.67465 ],[287.2426   -25.080343 396.09415 ]
[-182.37842   -57.744747  692.0281  ],[-61.7608  -49.41245 628.84985],[ 61.91619 -40.64892 554.756  ],[179.04173 -32.5303  474.03693],[286.9346   -24.943274 395.69116 ]
[-182.67033   -57.679947  691.5667  ],[-61.742264 -49.22802  628.89325 ],[ 61.91619 -40.64892 554.756  ],[179.4378   -32.505875 474.34198 ],[286.99554  -25.215828 395.76712 ]
[-182.37029   -57.674427  692.0053  ],[-61.742264 -49.22802  628.89325 ],[ 61.91619 -40.64892 554.756  ],[179.4378   -32.505875 474.34198 ],[286.99554  -25.215828 395.76712 ]
[-182.31836   -57.604813  691.81445 ],[-61.742264 -49.22802  628.89325 ],[ 61.91619 -40.64892 554.756  ],[179.6725   -32.354908 474.25366 ],[286.91733  -25.059763 395.68857 ]
[-182.31836   -57.604813  691.81445 ],[-61.7608  -49.41245 628.84985],[ 61.932934 -40.76654  554.81934 ],[179.8344   -32.481403 474.64746 ],[287.13153  -25.049284 395.65582 ]
[-182.3346   -57.74547  691.86005],[-61.740814 -49.13365  628.8484  ],[ 61.94613  -40.642853 555.04535 ],[179.95119  -32.469658 474.967   ],[287.37677 -25.02183 396.33762]
[-182.32645   -57.675148  691.8373  ],[-61.766052 -49.225662 629.1287  ],[ 61.94613  -40.642853 555.04535 ],[180.02275 -32.31955 475.2122 ],[287.83716  -24.983835 396.98798 ]
[-182.32645   -57.675148  691.8373  ],[-61.788464 -49.128925 629.3194  ],[ 61.976074 -40.6368   555.3349  ],[180.02275 -32.31955 475.2122 ],[288.0677   -24.964817 397.31363 ]
[-182.3346   -57.74547  691.86005],[-61.78985 -49.2233  629.3643 ],[ 62.022884 -40.748413 555.6879  ],[180.02094  -32.447155 475.94003 ],[288.52948  -24.926735 397.96597 ]
[-182.3346   -57.74547  691.86005],[-61.788464 -49.128925 629.3194  ],[ 62.022884 -40.748413 555.6879  ],[179.81117  -32.309845 476.19867 ],[288.76065 -24.90767 398.2926 ]
[-182.37029   -57.674427  692.0053  ],[-61.766052 -49.225662 629.1287  ],[ 61.727547 -40.632282 556.16766 ],[179.92783  -32.298058 476.5191  ],[289.2413 -24.752  398.9497]
[-182.36221  -57.6041   691.98236],[-61.7395  -49.03931 628.80347],[ 61.38918 -40.64594 556.13086],[180.04459  -32.286263 476.83978 ],[289.70535  -24.713562 399.60538 ]
[-182.37029   -57.674427  692.0053  ],[-61.764633 -49.13129  629.08386 ],[ 61.401833 -40.522358 556.35736 ],[179.8794  -32.28736 477.1732 ],[290.17035  -24.675064 400.2623  ]
[-182.3346   -57.74547  691.86005],[-61.78985 -49.2233  629.3643 ],[ 61.401833 -40.522358 556.35736 ],[179.66844  -32.150158 477.4321  ],[290.40314 -24.65579 400.59134]
[-182.37029   -57.674427  692.0053  ],[-61.788464 -49.128925 629.3194  ],[ 61.063385 -40.5361   556.32043 ],[179.78491 -32.13834 477.7532 ],[290.63623  -24.636503 400.92062 ]
[-182.37842   -57.744747  692.0281  ],[-62.179394 -49.232502 629.47174 ],[ 61.046387 -40.41867  556.2574  ],[179.50244 -32.15132 477.7654 ],[290.63623  -24.636503 400.92062 ]
[-182.32645   -57.675148  691.8373  ],[-62.15548  -49.234848 629.2364  ],[ 60.74177  -40.667236 556.3466  ],[179.52586 -32.01047 477.77515],[290.63623  -24.636503 400.92062 ]
[-182.37029   -57.674427  692.0053  ],[-62.54499 -49.24405 629.3436 ],[ 60.75417  -40.543804 556.57294 ],[179.2434  -32.02345 477.7873 ],[290.41803  -24.647196 400.95215 ]
[-182.32645   -57.675148  691.8373  ],[-62.52097 -49.2464  629.10864],[ 60.724987 -40.549843 556.2835  ],[179.104   -32.1761  477.45685],[290.24927  -24.831993 400.34128 ]
[-182.37842   -57.744747  692.0281  ],[-62.52097 -49.2464  629.10864],[ 60.71255  -40.673252 556.0574  ],[178.9881  -32.18789 477.13632],[289.93774  -24.694323 399.9337  ]
[-182.32645   -57.675148  691.8373  ],[-62.495422 -49.154556 628.8289  ],[ 60.724987 -40.549843 556.2835  ],[178.9881  -32.18789 477.13632],[289.723   -24.59586 399.60825]
[-182.32645   -57.675148  691.8373  ],[-62.15548  -49.234848 629.2364  ],[ 60.69993 -40.79667 555.8315 ],[179.08319  -32.336674 476.55743 ],[289.2413 -24.752  398.9497]
[-182.31836   -57.604813  691.81445 ],[-62.15548  -49.234848 629.2364  ],[ 60.992058 -40.671654 555.5157  ],[178.85138  -32.360165 475.91772 ],[288.77817  -24.790379 398.2954  ]
[-182.37842   -57.744747  692.0281  ],[-61.815144 -49.31534  629.64465 ],[ 60.933292 -40.683712 554.9378  ],[179.13248  -32.347317 475.9046  ],[288.3945   -24.985128 397.72116 ]
[-182.37029   -57.674427  692.0053  ],[-61.788464 -49.128925 629.3194  ],[ 61.26671 -40.42916 555.1364 ],[178.94548  -32.508938 475.34003 ],[288.1637  -25.0042  397.39508]
[-182.37842   -57.744747  692.0281  ],[-61.78985 -49.2233  629.3643 ],[ 61.287487 -40.787586 555.03687 ],[179.06497 -32.36975 474.93286],[287.7027   -25.042305 396.74402 ]
[-182.37029   -57.674427  692.0053  ],[-61.766052 -49.225662 629.1287  ],[ 61.27087 -40.6701  554.97363],[179.27411  -32.506866 474.67465 ],[287.39413 -24.90514 396.34027]
[-182.3346   -57.74547  691.86005],[-61.766052 -49.225662 629.1287  ],[ 61.608482 -40.65648  555.0095  ],[179.20284 -32.65677 474.43027],[286.9346   -24.943274 395.69116 ]
[-182.3346   -57.74547  691.86005],[-61.742264 -49.22802  628.89325 ],[ 61.932934 -40.76654  554.81934 ],[179.3214   -32.517593 474.023   ],[286.91733  -25.059763 395.68857 ]
[-182.3346   -57.74547  691.86005],[-61.74383  -49.322395 628.9381  ],[ 61.91619 -40.64892 554.756  ],[179.4378   -32.505875 474.34198 ],[286.91733  -25.059763 395.68857 ]
[-182.37842   -57.744747  692.0281  ],[-61.742264 -49.22802  628.89325 ],[ 61.932934 -40.76654  554.81934 ],[179.48282  -32.644108 474.4166  ],[286.7661  -25.23471 395.44302]
[-182.3346   -57.74547  691.86005],[-61.720093 -49.324753 628.70276 ],[ 61.94613  -40.642853 555.04535 ],[179.57799  -32.644493 473.9998  ],[286.91733  -25.059763 395.68857 ]
[-182.34286   -57.815804  691.8829  ],[-61.76926  -49.414448 629.2185  ],[ 61.94613  -40.642853 555.04535 ],[179.78918 -32.34313 474.57294],[286.99554  -25.215828 395.76712 ]
[-182.38666   -57.815083  692.05096 ],[-61.742264 -49.22802  628.89325 ],[ 61.96291  -40.760498 555.10876 ],[179.8344   -32.481403 474.64746 ],[287.68524 -25.15909 396.7413 ]
[-182.34286   -57.815804  691.8829  ],[-61.766052 -49.225662 629.1287  ],[ 61.91619 -40.64892 554.756  ],[180.06805 -32.4579  475.28677],[287.68524 -25.15909 396.7413 ]
[-182.38666   -57.815083  692.05096 ],[-61.78985 -49.2233  629.3643 ],[ 61.976074 -40.6368   555.3349  ],[179.90414 -32.45891 475.61993],[288.14615  -25.121191 397.39233 ]
[-182.34286   -57.815804  691.8829  ],[-61.807144 -49.31354  629.27594 ],[ 61.976074 -40.6368   555.3349  ],[179.85887  -32.320576 475.54535 ],[288.377    -25.102217 397.71838 ]
[-182.34286   -57.815804  691.8829  ],[-61.807144 -49.31354  629.27594 ],[ 62.00603 -40.63074 555.6246 ],[179.81117  -32.309845 476.19867 ],[288.76065 -24.90767 398.2926 ]
[-182.34286   -57.815804  691.8829  ],[-61.7395  -49.03931 628.80347],[ 61.744396 -40.74992  556.23096 ],[179.92783  -32.298058 476.5191  ],[289.3201   -24.908682 399.02863 ]
[-182.34286   -57.815804  691.8829  ],[-61.764633 -49.13129  629.08386 ],[ 61.405945 -40.7635   556.1941  ],[179.99916  -32.147903 476.76535 ],[289.7842   -24.870369 399.6843  ]
[-182.2908    -57.746197  691.69214 ],[-61.78985 -49.2233  629.3643 ],[ 61.35959 -40.65198 555.8414 ],[179.8794  -32.28736 477.1732 ],[290.01666  -24.851189 400.01257 ]
[-182.68683   -57.820427  691.6123  ],[-61.815144 -49.31534  629.64465 ],[ 61.41877 -40.6399  556.4206 ],[179.71378 -32.28848 477.5065 ],[290.24927  -24.831993 400.34128 ]
[-182.64305   -57.821148  691.44464 ],[-62.17798  -49.138214 629.42694 ],[ 61.401833 -40.522358 556.35736 ],[179.83028  -32.276695 477.8276  ],[290.48215  -24.812784 400.6703  ]
[-182.67853  -57.75019  691.5896 ],[-62.180943 -49.32681  629.51654 ],[ 61.080246 -40.653564 556.38354 ],[179.50244 -32.15132 477.7654 ],[290.40314 -24.65579 400.59134]
[-182.68683   -57.820427  691.6123  ],[-62.197952 -49.417114 629.42816 ],[ 60.77099 -40.66121 556.6359 ],[179.50244 -32.15132 477.7654 ],[290.40314 -24.65579 400.59134]
[-182.3346   -57.74547  691.86005],[-62.56501  -49.522816 629.3449  ],[ 60.74177  -40.667236 556.3466  ],[179.2434  -32.02345 477.7873 ],[290.1852   -24.666471 400.62292 ]
[-182.34286   -57.815804  691.8829  ],[-62.563503 -49.42863  629.3001  ],[ 60.77099 -40.66121 556.6359 ],[179.28862  -32.161705 477.8617  ],[290.03152  -24.842617 400.373   ]
[-182.64305   -57.821148  691.44464 ],[-62.563503 -49.42863  629.3001  ],[ 60.724987 -40.549843 556.2835  ],[178.9881  -32.18789 477.13632],[289.79913  -24.861797 400.0444  ]
[-182.64305   -57.821148  691.44464 ],[-62.52097 -49.2464  629.10864],[ 60.724987 -40.549843 556.2835  ],[178.87227  -32.199673 476.81598 ],[289.56696  -24.880964 399.71613 ]
[-182.3346   -57.74547  691.86005],[-62.52097 -49.2464  629.10864],[ 60.683346 -40.67927  555.7683  ],[179.08319  -32.336674 476.55743 ],[289.1033   -24.919249 399.06058 ]
[-182.34286   -57.815804  691.8829  ],[-62.106174 -49.145283 628.7211  ],[ 61.021446 -40.665634 555.8048  ],[178.85138  -32.360165 475.91772 ],[288.85684  -24.946936 398.3742  ]
[-182.34286   -57.815804  691.8829  ],[-62.131577 -49.237206 629.00116 ],[ 61.300434 -40.664062 555.2627  ],[179.01645  -32.359074 475.585   ],[288.3945   -24.985128 397.72116 ]
[-182.3346   -57.74547  691.86005],[-61.78985 -49.2233  629.3643 ],[ 61.283638 -40.546593 555.1996  ],[178.9005  -32.37082 475.26556],[287.85458  -24.866945 396.99066 ]
[-182.34286   -57.815804  691.8829  ],[-61.784607 -49.410164 629.0853  ],[ 61.287487 -40.787586 555.03687 ],[179.06497 -32.36975 474.93286],[287.39413 -24.90514 396.34027]
[-182.29909  -57.81653  691.7149 ],[-61.7608  -49.41245 628.84985],[ 61.27087 -40.6701  554.97363],[179.03886  -32.657764 474.76288 ],[287.1643   -24.924217 396.01556 ]
[-182.34286   -57.815804  691.8829  ],[-61.742264 -49.22802  628.89325 ],[ 61.59539  -40.780075 554.7837  ],[179.15788 -32.51859 474.35565],[287.01294 -25.09934 395.76978]
[-182.29909  -57.81653  691.7149 ],[-61.718487 -49.230377 628.65784 ],[ 61.91619 -40.64892 554.756  ],[179.15788 -32.51859 474.35565],[286.7661  -25.23471 395.44302]
[-182.2908    -57.746197  691.69214 ],[-61.742264 -49.22802  628.89325 ],[ 61.932934 -40.76654  554.81934 ],[179.45972  -32.783802 474.4071  ],[286.6879   -25.078709 395.36453 ]
[-182.29909  -57.81653  691.7149 ],[-61.71701  -49.136017 628.6129  ],[ 61.932934 -40.76654  554.81934 ],[179.4378   -32.505875 474.34198 ],[286.7661  -25.23471 395.44302]
[-182.38666   -57.815083  692.05096 ],[-61.784607 -49.410164 629.0853  ],[ 61.91619 -40.64892 554.756  ],[179.73969 -32.77114 474.3934 ],[286.91733  -25.059763 395.68857 ]
[-182.38666   -57.815083  692.05096 ],[-61.7608  -49.41245 628.84985],[ 61.94613  -40.642853 555.04535 ],[179.81128  -32.621204 474.63803 ],[287.2098  -25.20539 395.7344 ]
[-182.38666   -57.815083  692.05096 ],[-61.7608  -49.41245 628.84985],[ 61.96291  -40.760498 555.10876 ],[179.81128  -32.621204 474.63803 ],[287.37677 -25.02183 396.33762]
[-182.38666   -57.815083  692.05096 ],[-61.78329 -49.31583 629.0404 ],[ 61.932934 -40.76654  554.81934 ],[179.88278  -32.471256 474.88303 ],[287.60687 -25.00284 396.66263]
[-182.37842   -57.744747  692.0281  ],[-61.78329 -49.31583 629.0404 ],[ 61.976074 -40.6368   555.3349  ],[179.71906 -32.47238 475.2161 ],[288.0677   -24.964817 397.31363 ]
[-182.37842   -57.744747  692.0281  ],[-61.808437 -49.407883 629.32074 ],[ 61.992897 -40.754456 555.39825 ],[179.88094  -32.599014 475.6104  ],[288.377    -25.102217 397.71838 ]
[-182.37842   -57.744747  692.0281  ],[-61.78985 -49.2233  629.3643 ],[ 62.022884 -40.748413 555.6879  ],[179.78792  -32.450165 476.18915 ],[288.8393   -25.064226 398.3714  ]
[-182.37842   -57.744747  692.0281  ],[-61.784607 -49.410164 629.0853  ],[ 61.727547 -40.632282 556.16766 ],[179.90457  -32.438477 476.50952 ],[289.3201   -24.908682 399.02863 ]
[-182.37842   -57.744747  692.0281  ],[-61.78985 -49.2233  629.3643 ],[ 61.401833 -40.522358 556.35736 ],[179.7628   -32.299145 476.85242 ],[289.70535  -24.713562 399.60538 ]
[-182.37842   -57.744747  692.0281  ],[-61.81366 -49.22094 629.59985],[ 61.401833 -40.522358 556.35736 ],[179.95064  -32.137188 477.41977 ],[290.01666  -24.851189 400.01257 ]
[-182.3346   -57.74547  691.86005],[-61.78985 -49.2233  629.3643 ],[ 61.401833 -40.522358 556.35736 ],[179.66844  -32.150158 477.4321  ],[290.24927  -24.831993 400.34128 ]
[-182.3346   -57.74547  691.86005],[-62.179394 -49.232502 629.47174 ],[ 61.063385 -40.5361   556.32043 ],[179.90144 -32.12651 478.0745 ],[290.48215  -24.812784 400.6703  ]
[-182.3346   -57.74547  691.86005],[-62.197952 -49.417114 629.42816 ],[ 61.063385 -40.5361   556.32043 ],[179.50244 -32.15132 477.7654 ],[290.48215  -24.812784 400.6703  ]
[-182.43045  -57.81436  692.21893],[-62.54499 -49.24405 629.3436 ],[ 60.724987 -40.549843 556.2835  ],[179.2652   -32.302547 477.85202 ],[290.48215  -24.812784 400.6703  ]
[-182.37842   -57.744747  692.0281  ],[-62.563503 -49.42863  629.3001  ],[ 60.75417  -40.543804 556.57294 ],[179.2652   -32.302547 477.85202 ],[290.1852   -24.666471 400.62292 ]
[-182.67853  -57.75019  691.5896 ],[-62.54499 -49.24405 629.3436 ],[ 60.708065 -40.432487 556.2205  ],[179.14919 -32.31431 477.53125],[290.03152  -24.842617 400.373   ]
[-182.37842   -57.744747  692.0281  ],[-62.563503 -49.42863  629.3001  ],[ 60.724987 -40.549843 556.2835  ],[178.9881  -32.18789 477.13632],[289.79913  -24.861797 400.0444  ]
[-182.37029   -57.674427  692.0053  ],[-62.174015 -49.419395 629.19293 ],[ 60.695805 -40.55588  555.99426 ],[178.87227  -32.199673 476.81598 ],[289.56696  -24.880964 399.71613 ]
[-182.37029   -57.674427  692.0053  ],[-62.14871  -49.327427 628.91296 ],[ 60.683346 -40.67927  555.7683  ],[178.75653 -32.21145 476.49588],[289.3201   -24.908682 399.02863 ]
[-182.37842   -57.744747  692.0281  ],[-62.15548  -49.234848 629.2364  ],[ 60.97925 -40.79512 555.28986],[178.92215  -32.210308 476.1631  ],[288.77817  -24.790379 398.2954  ]
[-182.37842   -57.744747  692.0281  ],[-62.197952 -49.417114 629.42816 ],[ 61.313175 -40.54053  555.4888  ],[179.13248  -32.347317 475.9046  ],[288.31592  -24.828691 397.64236 ]
[-182.38666   -57.815083  692.05096 ],[-61.784607 -49.410164 629.0853  ],[ 61.2541   -40.552647 554.9104  ],[178.9005  -32.37082 475.26556],[287.93307  -25.023258 397.06937 ]
[-182.37842   -57.744747  692.0281  ],[-61.784607 -49.410164 629.0853  ],[ 61.257893 -40.79361  554.748   ],[179.18109  -32.357998 475.2522  ],[287.7027   -25.042305 396.74402 ]
[-182.38666   -57.815083  692.05096 ],[-61.78606 -49.50452 629.13025],[ 61.27087 -40.6701  554.97363],[179.15497 -32.64609 475.08197],[287.45514  -25.178019 396.41623 ]
[-182.37842   -57.744747  692.0281  ],[-61.784607 -49.410164 629.0853  ],[ 61.608482 -40.65648  555.0095  ],[179.22905  -32.368706 474.60016 ],[287.14694  -25.040806 396.01294 ]
[-182.37029   -57.674427  692.0053  ],[-61.742264 -49.22802  628.89325 ],[ 61.938732 -40.923767 555.0861  ],[179.15788 -32.51859 474.35565],[286.91733  -25.059763 395.68857 ]
[-182.34286   -57.815804  691.8829  ],[-61.784607 -49.410164 629.0853  ],[ 61.932934 -40.76654  554.81934 ],[179.4147   -32.645573 474.33252 ],[286.6879   -25.078709 395.36453 ]
[-182.37029   -57.674427  692.0053  ],[-61.742264 -49.22802  628.89325 ],[ 61.902966 -40.772583 554.5301  ],[179.36961  -32.507404 474.2581  ],[286.6879   -25.078709 395.36453 ]
[-182.37842   -57.744747  692.0281  ],[-61.742264 -49.22802  628.89325 ],[ 61.932934 -40.76654  554.81934 ],[179.6946  -32.63285 474.3188 ],[286.91733  -25.059763 395.68857 ]
[-182.72237  -57.74947  691.7573 ],[-61.740814 -49.13365  628.8484  ],[ 61.96291  -40.760498 555.10876 ],[179.81128  -32.621204 474.63803 ],[287.22525 -25.19693 396.09152]
[-182.42224   -57.744034  692.1961  ],[-61.766052 -49.225662 629.1287  ],[ 61.992897 -40.754456 555.39825 ],[179.81128  -32.621204 474.63803 ],[287.37677 -25.02183 396.33762]
[-182.37842   -57.744747  692.0281  ],[-61.766052 -49.225662 629.1287  ],[ 61.96291  -40.760498 555.10876 ],[179.99959 -32.45956 475.20276],[287.68524 -25.15909 396.7413 ]
[-182.3346   -57.74547  691.86005],[-61.807144 -49.31354  629.27594 ],[ 61.95913 -40.51918 555.2716 ],[179.71906 -32.47238 475.2161 ],[288.14615  -25.121191 397.39233 ]
[-182.37029   -57.674427  692.0053  ],[-61.812305 -49.126564 629.55505 ],[ 62.00603 -40.63074 555.6246 ],[179.95241  -32.449005 475.85593 ],[288.52948  -24.926735 397.96597 ]
[-182.38666   -57.815083  692.05096 ],[-61.764633 -49.13129  629.08386 ],[ 62.035988 -40.62468  555.9144  ],[179.78792  -32.450165 476.18915 ],[288.99213 -24.88859 398.61957]
[-182.37842   -57.744747  692.0281  ],[-61.742264 -49.22802  628.89325 ],[ 61.75733  -40.626232 556.4575  ],[179.92783  -32.298058 476.5191  ],[289.2238   -24.869493 398.94687 ]
[-182.37842   -57.744747  692.0281  ],[-61.7608  -49.41245 628.84985],[ 61.41877 -40.6399  556.4206 ],[179.8794  -32.28736 477.1732 ],[289.70535  -24.713562 399.60538 ]
[-182.32645   -57.675148  691.8373  ],[-61.764633 -49.13129  629.08386 ],[ 61.384754 -40.404854 556.29425 ],[179.66844  -32.150158 477.4321  ],[290.01666  -24.851189 400.01257 ]
[-182.37842   -57.744747  692.0281  ],[-61.78985 -49.2233  629.3643 ],[ 61.384754 -40.404854 556.29425 ],[179.71378 -32.28848 477.5065 ],[290.17035  -24.675064 400.2623  ]
[-182.34286   -57.815804  691.8829  ],[-62.180943 -49.32681  629.51654 ],[ 61.384754 -40.404854 556.29425 ],[179.78491 -32.13834 477.7532 ],[290.40314 -24.65579 400.59134]
[-182.3346   -57.74547  691.86005],[-62.180943 -49.32681  629.51654 ],[ 61.063385 -40.5361   556.32043 ],[179.54776 -32.28962 477.8398 ],[290.63623  -24.636503 400.92062 ]
[-182.34286   -57.815804  691.8829  ],[-62.179394 -49.232502 629.47174 ],[ 60.724987 -40.549843 556.2835  ],[179.50244 -32.15132 477.7654 ],[290.63623  -24.636503 400.92062 ]
[-182.37842   -57.744747  692.0281  ],[-62.179394 -49.232502 629.47174 ],[ 60.75417  -40.543804 556.57294 ],[179.50244 -32.15132 477.7654 ],[290.40314 -24.65579 400.59134]
[-182.34286   -57.815804  691.8829  ],[-62.54499 -49.24405 629.3436 ],[ 60.678925 -40.438545 555.93134 ],[179.14919 -32.31431 477.53125],[290.17035  -24.675064 400.2623  ]
[-182.29909  -57.81653  691.7149 ],[-62.54351 -49.14985 629.2989 ],[ 60.695805 -40.55588  555.99426 ],[178.9881  -32.18789 477.13632],[289.93774  -24.694323 399.9337  ]
[-182.34286   -57.815804  691.8829  ],[-62.49696 -49.24874 628.87366],[ 60.71255  -40.673252 556.0574  ],[179.19922 -32.32492 476.8777 ],[289.70535  -24.713562 399.60538 ]
[-182.3346   -57.74547  691.86005],[-62.1301   -49.142925 628.95636 ],[ 61.021446 -40.665634 555.8048  ],[179.03806  -32.198524 476.4831  ],[289.00958  -24.771196 398.6224  ]
[-182.39496   -57.885414  692.07367 ],[-62.15548  -49.234848 629.2364  ],[ 60.9753   -40.554245 555.4525  ],[178.85138  -32.360165 475.91772 ],[288.77817  -24.790379 398.2954  ]
[-182.35121   -57.886147  691.90576 ],[-61.766052 -49.225662 629.1287  ],[ 61.313175 -40.54053  555.4888  ],[179.01645  -32.359074 475.585   ],[288.3945   -24.985128 397.72116 ]
[-182.38666   -57.815083  692.05096 ],[-61.76759 -49.32004 629.1736 ],[ 61.317093 -40.781563 555.326   ],[178.94548  -32.508938 475.34003 ],[287.85458  -24.866945 396.99066 ]
[-182.38666   -57.815083  692.05096 ],[-61.766052 -49.225662 629.1287  ],[ 61.27087 -40.6701  554.97363],[179.06497 -32.36975 474.93286],[287.39413 -24.90514 396.34027]
[-182.3346   -57.74547  691.86005],[-61.75945 -49.31812 628.805  ],[ 61.625183 -40.774044 555.0728  ],[179.03886  -32.657764 474.76288 ],[287.2426   -25.080343 396.09415 ]
[-182.37842   -57.744747  692.0281  ],[-61.7608  -49.41245 628.84985],[ 61.932934 -40.76654  554.81934 ],[179.20284 -32.65677 474.43027],[287.01294 -25.09934 395.76978]
[-182.38666   -57.815083  692.05096 ],[-61.7608  -49.41245 628.84985],[ 61.91619 -40.64892 554.756  ],[179.20284 -32.65677 474.43027],[286.91733  -25.059763 395.68857 ]
[-182.3346   -57.74547  691.86005],[-61.75945 -49.31812 628.805  ],[ 61.96291  -40.760498 555.10876 ],[179.4378   -32.505875 474.34198 ],[286.6879   -25.078709 395.36453 ]
[-182.38666   -57.815083  692.05096 ],[-61.75945 -49.31812 628.805  ],[ 61.91619 -40.64892 554.756  ],[179.4147   -32.645573 474.33252 ],[287.2098  -25.20539 395.7344 ]
[-182.38666   -57.815083  692.05096 ],[-61.75945 -49.31812 628.805  ],[ 61.91619 -40.64892 554.756  ],[179.7177  -32.49315 474.3282 ],[287.2098  -25.20539 395.7344 ]
[-182.39496   -57.885414  692.07367 ],[-61.7608  -49.41245 628.84985],[ 61.94613  -40.642853 555.04535 ],[179.87953  -32.619743 474.72214 ],[287.43973 -25.18648 396.05887]
[-182.38666   -57.815083  692.05096 ],[-61.784607 -49.410164 629.0853  ],[ 61.94613  -40.642853 555.04535 ],[179.8344   -32.481403 474.64746 ],[287.6699   -25.167555 396.38367 ]
[-182.43045  -57.81436  692.21893],[-61.78606 -49.50452 629.13025],[ 61.96291  -40.760498 555.10876 ],[179.94933  -32.597298 475.6946  ],[287.83716  -24.983835 396.98798 ]
[-182.38666   -57.815083  692.05096 ],[-61.78985 -49.2233  629.3643 ],[ 61.976074 -40.6368   555.3349  ],[179.74222  -32.332363 475.22556 ],[288.0677   -24.964817 397.31363 ]
[-182.38666   -57.815083  692.05096 ],[-61.79136  -49.317684 629.4091  ],[ 62.00603 -40.63074 555.6246 ],[179.6946   -32.321632 475.87854 ],[288.82397  -25.072693 398.01248 ]
[-182.38666   -57.815083  692.05096 ],[-61.766052 -49.225662 629.1287  ],[ 62.035988 -40.62468  555.9144  ],[179.81117  -32.309845 476.19867 ],[288.8393   -25.064226 398.3714  ]
[-182.38666   -57.815083  692.05096 ],[-61.764633 -49.13129  629.08386 ],[ 61.714584 -40.75595  555.94116 ],[179.92783  -32.298058 476.5191  ],[289.2238   -24.869493 398.94687 ]
[-182.3346   -57.74547  691.86005],[-61.807144 -49.31354  629.27594 ],[ 61.401833 -40.522358 556.35736 ],[179.71748  -32.160843 476.778   ],[289.6878   -24.831259 399.60248 ]
[-182.34286   -57.815804  691.8829  ],[-61.788464 -49.128925 629.3194  ],[ 61.35959 -40.65198 555.8414 ],[179.55206  -32.161976 477.1113  ],[290.01666  -24.851189 400.01257 ]
[-182.38666   -57.815083  692.05096 ],[-61.78985 -49.2233  629.3643 ],[ 61.355232 -40.410934 556.00464 ],[179.66844  -32.150158 477.4321  ],[290.17035  -24.675064 400.2623  ]
[-182.38666   -57.815083  692.05096 ],[-62.15548  -49.234848 629.2364  ],[ 61.41877 -40.6399  556.4206 ],[179.78491 -32.13834 477.7532 ],[290.48215  -24.812784 400.6703  ]
[-182.38666   -57.815083  692.05096 ],[-62.180943 -49.32681  629.51654 ],[ 61.063385 -40.5361   556.32043 ],[179.54776 -32.28962 477.8398 ],[290.40314 -24.65579 400.59134]
[-182.38666   -57.815083  692.05096 ],[-62.175495 -49.51366  629.23773 ],[ 60.708065 -40.432487 556.2205  ],[179.2652   -32.302547 477.85202 ],[290.40314 -24.65579 400.59134]
[-182.39496   -57.885414  692.07367 ],[-62.180943 -49.32681  629.51654 ],[ 60.758423 -40.784664 556.4098  ],[179.14919 -32.31431 477.53125],[290.40314 -24.65579 400.59134]
[-182.39496   -57.885414  692.07367 ],[-62.15548  -49.234848 629.2364  ],[ 60.74177  -40.667236 556.3466  ],[178.9881  -32.18789 477.13632],[290.24927  -24.831993 400.34128 ]
[-182.29909  -57.81653  691.7149 ],[-62.15009  -49.421673 628.9578  ],[ 60.695805 -40.55588  555.99426 ],[179.03325  -32.326057 477.21063 ],[289.56696  -24.880964 399.71613 ]
[-182.38666   -57.815083  692.05096 ],[-62.15548  -49.234848 629.2364  ],[ 60.71255  -40.673252 556.0574  ],[178.8016   -32.349545 476.57022 ],[289.47324 -24.73279 399.2774 ]
[-182.38666   -57.815083  692.05096 ],[-62.131577 -49.237206 629.00116 ],[ 61.021446 -40.665634 555.8048  ],[179.08319  -32.336674 476.55743 ],[288.79315  -24.781792 398.6545  ]
[-182.34286   -57.815804  691.8829  ],[-62.197952 -49.417114 629.42816 ],[ 61.008675 -40.78911  555.5789  ],[179.20338  -32.197388 476.15015 ],[288.77817  -24.790379 398.2954  ]
[-182.34286   -57.815804  691.8829  ],[-61.79136  -49.317684 629.4091  ],[ 61.317093 -40.781563 555.326   ],[178.97134  -32.220974 475.51065 ],[288.3945   -24.985128 397.72116 ]
[-182.68683   -57.820427  691.6123  ],[-61.78985 -49.2233  629.3643 ],[ 61.303978 -40.905113 555.1003  ],[178.94548  -32.508938 475.34003 ],[287.85458  -24.866945 396.99066 ]
[-182.68683   -57.820427  691.6123  ],[-61.76759 -49.32004 629.1736 ],[ 61.283638 -40.546593 555.1996  ],[179.11002 -32.50789 475.0074 ],[287.62427  -24.886051 396.66528 ]
[-182.73064   -57.819706  691.78    ],[-61.742264 -49.22802  628.89325 ],[ 61.287487 -40.787586 555.03687 ],[179.03886  -32.657764 474.76288 ],[287.47253 -25.06133 396.4189 ]
[-182.38666   -57.815083  692.05096 ],[-61.742264 -49.22802  628.89325 ],[ 61.608482 -40.65648  555.0095  ],[179.27411  -32.506866 474.67465 ],[287.14694  -25.040806 396.01294 ]
[-182.34286   -57.815804  691.8829  ],[-61.7608  -49.41245 628.84985],[ 61.91619 -40.64892 554.756  ],[179.15788 -32.51859 474.35565],[286.91733  -25.059763 395.68857 ]
[-182.38666   -57.815083  692.05096 ],[-61.74383  -49.322395 628.9381  ],[ 61.91619 -40.64892 554.756  ],[179.45972  -32.783802 474.4071  ],[286.99554  -25.215828 395.76712 ]
[-182.3346   -57.74547  691.86005],[-61.76227  -49.506798 628.8948  ],[ 61.96291  -40.760498 555.10876 ],[179.4147   -32.645573 474.33252 ],[286.6879   -25.078709 395.36453 ]
[-182.34286   -57.815804  691.8829  ],[-61.742264 -49.22802  628.89325 ],[ 61.91619 -40.64892 554.756  ],[179.73969 -32.77114 474.3934 ],[286.99554  -25.215828 395.76712 ]
[-182.3346   -57.74547  691.86005],[-61.7608  -49.41245 628.84985],[ 61.94613  -40.642853 555.04535 ],[179.85641 -32.75953 474.71265],[287.3614   -25.030312 395.98022 ]
[-182.37842   -57.744747  692.0281  ],[-61.784607 -49.410164 629.0853  ],[ 61.94613  -40.642853 555.04535 ],[179.88278  -32.471256 474.88303 ],[287.5915   -25.011322 396.30502 ]
[-182.32645   -57.675148  691.8373  ],[-61.740814 -49.13365  628.8484  ],[ 61.976074 -40.6368   555.3349  ],[180.11647 -32.44786 475.5227 ],[287.8218  -24.99232 396.6301 ]
[-182.3346   -57.74547  691.86005],[-61.78985 -49.2233  629.3643 ],[ 61.95913 -40.51918 555.2716 ],[179.74222  -32.332363 475.22556 ],[288.0677   -24.964817 397.31363 ]
[-182.37842   -57.744747  692.0281  ],[-61.807144 -49.31354  629.27594 ],[ 61.992897 -40.754456 555.39825 ],[179.97562 -32.30879 475.86545],[288.82397  -25.072693 398.01248 ]
[-182.37842   -57.744747  692.0281  ],[-61.766052 -49.225662 629.1287  ],[ 62.035988 -40.62468  555.9144  ],[179.92783  -32.298058 476.5191  ],[289.08832  -24.927816 398.7012  ]
[-182.38666   -57.815083  692.05096 ],[-61.78329 -49.31583 629.0404 ],[ 61.69777  -40.638332 555.87787 ],[179.92783  -32.298058 476.5191  ],[289.30246  -25.026175 399.0257  ]
[-182.38666   -57.815083  692.05096 ],[-61.766052 -49.225662 629.1287  ],[ 61.41877 -40.6399  556.4206 ],[179.83401 -32.14902 477.09875],[289.70535  -24.713562 399.60538 ]
[-182.3346   -57.74547  691.86005],[-61.78985 -49.2233  629.3643 ],[ 61.405945 -40.7635   556.1941  ],[179.99605  -32.275574 477.4942  ],[289.93774  -24.694323 399.9337  ]
[-182.37842   -57.744747  692.0281  ],[-61.815144 -49.31534  629.64465 ],[ 61.401833 -40.522358 556.35736 ],[179.66844  -32.150158 477.4321  ],[290.24927  -24.831993 400.34128 ]
[-182.3346   -57.74547  691.86005],[-61.81366 -49.22094 629.59985],[ 61.401833 -40.522358 556.35736 ],[179.83028  -32.276695 477.8276  ],[290.40314 -24.65579 400.59134]
[-182.37842   -57.744747  692.0281  ],[-62.179394 -49.232502 629.47174 ],[ 61.063385 -40.5361   556.32043 ],[179.50244 -32.15132 477.7654 ],[290.40314 -24.65579 400.59134]
[-182.37842   -57.744747  692.0281  ],[-62.546593 -49.338264 629.38837 ],[ 61.063385 -40.5361   556.32043 ],[179.54776 -32.28962 477.8398 ],[290.40314 -24.65579 400.59134]
[-182.34286   -57.815804  691.8829  ],[-62.52261 -49.34061 629.1534 ],[ 60.74177  -40.667236 556.3466  ],[179.54776 -32.28962 477.8398 ],[290.17035  -24.675064 400.2623  ]
[-182.3346   -57.74547  691.86005],[-62.52097 -49.2464  629.10864],[ 60.708065 -40.432487 556.2205  ],[179.03325  -32.326057 477.21063 ],[289.7203   -24.704973 399.96548 ]
[-182.38666   -57.815083  692.05096 ],[-62.54499 -49.24405 629.3436 ],[ 60.74177  -40.667236 556.3466  ],[178.87227  -32.199673 476.81598 ],[289.7203   -24.704973 399.96548 ]
[-182.3346   -57.74547  691.86005],[-62.52097 -49.2464  629.10864],[ 60.708065 -40.432487 556.2205  ],[179.1065   -32.196236 476.56702 ],[289.55203  -24.889534 399.3563  ]
[-182.37842   -57.744747  692.0281  ],[-62.19663  -49.322857 629.38336 ],[ 61.021446 -40.665634 555.8048  ],[179.08319  -32.336674 476.55743 ],[289.3201   -24.908682 399.02863 ]
[-182.3346   -57.74547  691.86005],[-62.131577 -49.237206 629.00116 ],[ 60.995705 -40.912594 555.35315 ],[179.13248  -32.347317 475.9046  ],[288.77817  -24.790379 398.2954  ]
[-182.3346   -57.74547  691.86005],[-61.81366 -49.22094 629.59985],[ 61.317093 -40.781563 555.326   ],[179.01645  -32.359074 475.585   ],[288.31592  -24.828691 397.64236 ]
[-182.38666   -57.815083  692.05096 ],[-61.79136  -49.317684 629.4091  ],[ 61.317093 -40.781563 555.326   ],[178.94548  -32.508938 475.34003 ],[287.93307  -25.023258 397.06937 ]
[-182.73064   -57.819706  691.78    ],[-61.766052 -49.225662 629.1287  ],[ 61.303978 -40.905113 555.1003  ],[179.06497 -32.36975 474.93286],[287.7027   -25.042305 396.74402 ]
[-182.72237  -57.74947  691.7573 ],[-61.784607 -49.410164 629.0853  ],[ 61.608482 -40.65648  555.0095  ],[179.22905  -32.368706 474.60016 ],[287.45514  -25.178019 396.41623 ]
[-182.3346   -57.74547  691.86005],[-61.742264 -49.22802  628.89325 ],[ 61.641747 -40.891644 555.1362  ],[179.1348  -32.6583  474.34625],[286.99554  -25.215828 395.76712 ]
[-182.3346   -57.74547  691.86005],[-61.7608  -49.41245 628.84985],[ 61.96291  -40.760498 555.10876 ],[179.48282  -32.644108 474.4166  ],[286.91733  -25.059763 395.68857 ]
[-182.2908    -57.746197  691.69214 ],[-61.740814 -49.13365  628.8484  ],[ 61.96291  -40.760498 555.10876 ],[179.34332  -32.795395 474.08823 ],[286.83914 -24.90377 395.6101 ]
[-182.3346   -57.74547  691.86005],[-61.764633 -49.13129  629.08386 ],[ 61.96291  -40.760498 555.10876 ],[179.7177  -32.49315 474.3282 ],[286.91733  -25.059763 395.68857 ]
[-182.3346   -57.74547  691.86005],[-61.75945 -49.31812 628.805  ],[ 61.938732 -40.923767 555.0861  ],[179.81128  -32.621204 474.63803 ],[287.14694  -25.040806 396.01294 ]
[-182.37842   -57.744747  692.0281  ],[-61.75945 -49.31812 628.805  ],[ 61.94613  -40.642853 555.04535 ],[179.92804 -32.60956 474.95752],[287.37677 -25.02183 396.33762]
[-182.72237  -57.74947  691.7573 ],[-61.784607 -49.410164 629.0853  ],[ 61.94613  -40.642853 555.04535 ],[179.92804 -32.60956 474.95752],[287.60687 -25.00284 396.66263]
[-182.37842   -57.744747  692.0281  ],[-61.78329 -49.31583 629.0404 ],[ 61.976074 -40.6368   555.3349  ],[180.04486  -32.597904 475.27728 ],[287.91562  -25.140148 397.06665 ]
[-182.37842   -57.744747  692.0281  ],[-61.81366 -49.22094 629.59985],[ 61.95913 -40.51918 555.2716 ],[179.88094  -32.599014 475.6104  ],[288.0677   -24.964817 397.31363 ]
[-182.3346   -57.74547  691.86005],[-61.81366 -49.22094 629.59985],[ 62.035988 -40.62468  555.9144  ],[179.95241  -32.449005 475.85593 ],[288.9768   -24.897081 398.26044 ]
[-182.43045  -57.81436  692.21893],[-61.815144 -49.31534  629.64465 ],[ 62.082886 -40.736332 556.2677  ],[179.81117  -32.309845 476.19867 ],[289.07074  -25.045208 398.69836 ]
[-182.39496   -57.885414  692.07367 ],[-61.784607 -49.410164 629.0853  ],[ 61.744396 -40.74992  556.23096 ],[179.88246 -32.15973 476.44473],[289.53442  -25.007126 399.3534  ]
[-182.37842   -57.744747  692.0281  ],[-61.808437 -49.407883 629.32074 ],[ 61.37227  -40.528416 556.0677  ],[179.9247   -32.425766 477.2477  ],[289.7842   -24.870369 399.6843  ]
[-182.37842   -57.744747  692.0281  ],[-61.815144 -49.31534  629.64465 ],[ 61.435574 -40.75748  556.48376 ],[179.99605  -32.275574 477.4942  ],[290.01666  -24.851189 400.01257 ]
[-182.72237  -57.74947  691.7573 ],[-61.81366 -49.22094 629.59985],[ 61.401833 -40.522358 556.35736 ],[179.71378 -32.28848 477.5065 ],[290.48215  -24.812784 400.6703  ]
[-182.34286   -57.815804  691.8829  ],[-61.81366 -49.22094 629.59985],[ 61.41877 -40.6399  556.4206 ],[179.83028  -32.276695 477.8276  ],[290.40314 -24.65579 400.59134]
[-182.37842   -57.744747  692.0281  ],[-62.179394 -49.232502 629.47174 ],[ 61.063385 -40.5361   556.32043 ],[179.54776 -32.28962 477.8398 ],[290.40314 -24.65579 400.59134]
[-182.38666   -57.815083  692.05096 ],[-62.203323 -49.23015  629.7071  ],[ 60.724987 -40.549843 556.2835  ],[179.54776 -32.28962 477.8398 ],[290.40314 -24.65579 400.59134]
[-182.37842   -57.744747  692.0281  ],[-62.179394 -49.232502 629.47174 ],[ 60.724987 -40.549843 556.2835  ],[179.2652   -32.302547 477.85202 ],[290.40314 -24.65579 400.59134]
[-182.37842   -57.744747  692.0281  ],[-62.56501  -49.522816 629.3449  ],[ 60.71255  -40.673252 556.0574  ],[179.14919 -32.31431 477.53125],[290.24927  -24.831993 400.34128 ]
[-182.37842   -57.744747  692.0281  ],[-62.15548  -49.234848 629.2364  ],[ 60.695805 -40.55588  555.99426 ],[179.03325  -32.326057 477.21063 ],[290.01666  -24.851189 400.01257 ]
[-182.38666   -57.815083  692.05096 ],[-62.174015 -49.419395 629.19293 ],[ 60.71255  -40.673252 556.0574  ],[179.15404 -32.18673 476.80334],[289.47324 -24.73279 399.2774 ]
[-182.37842   -57.744747  692.0281  ],[-62.174015 -49.419395 629.19293 ],[ 61.021446 -40.665634 555.8048  ],[179.08319  -32.336674 476.55743 ],[289.00958  -24.771196 398.6224  ]
[-182.3346   -57.74547  691.86005],[-61.81366 -49.22094 629.59985],[ 60.992058 -40.671654 555.5157  ],[179.13248  -32.347317 475.9046  ],[288.77817  -24.790379 398.2954  ]
[-182.3346   -57.74547  691.86005],[-61.815144 -49.31534  629.64465 ],[ 61.283638 -40.546593 555.1996  ],[179.13248  -32.347317 475.9046  ],[288.31592  -24.828691 397.64236 ]
[-182.37842   -57.744747  692.0281  ],[-61.76759 -49.32004 629.1736 ],[ 61.283638 -40.546593 555.1996  ],[178.94548  -32.508938 475.34003 ],[288.0851   -24.847828 397.31638 ]
[-182.37842   -57.744747  692.0281  ],[-61.78985 -49.2233  629.3643 ],[ 61.287487 -40.787586 555.03687 ],[179.11002 -32.50789 475.0074 ],[287.62427  -24.886051 396.66528 ]
[-182.42224   -57.744034  692.1961  ],[-61.78985 -49.2233  629.3643 ],[ 61.608482 -40.65648  555.0095  ],[179.3191  -32.64509 474.74933],[287.47253 -25.06133 396.4189 ]
[-182.3346   -57.74547  691.86005],[-61.74383  -49.322395 628.9381  ],[ 61.578728 -40.66253  554.72034 ],[179.27411  -32.506866 474.67465 ],[287.2426   -25.080343 396.09415 ]
[-182.3346   -57.74547  691.86005],[-61.764633 -49.13129  629.08386 ],[ 61.932934 -40.76654  554.81934 ],[179.55426  -32.494137 474.66107 ],[287.13153  -25.049284 395.65582 ]
[-182.3346   -57.74547  691.86005],[-61.764633 -49.13129  629.08386 ],[ 61.96291  -40.760498 555.10876 ],[179.4378   -32.505875 474.34198 ],[287.13153  -25.049284 395.65582 ]
[-182.3346   -57.74547  691.86005],[-61.7608  -49.41245 628.84985],[ 61.91619 -40.64892 554.756  ],[179.6946  -32.63285 474.3188 ],[287.13153  -25.049284 395.65582 ]
[-182.37029   -57.674427  692.0053  ],[-61.766052 -49.225662 629.1287  ],[ 61.94613  -40.642853 555.04535 ],[179.81128  -32.621204 474.63803 ],[287.2098  -25.20539 395.7344 ]
[-182.37842   -57.744747  692.0281  ],[-61.7608  -49.41245 628.84985],[ 61.94613  -40.642853 555.04535 ],[179.92804 -32.60956 474.95752],[287.5915   -25.011322 396.30502 ]
[-182.37842   -57.744747  692.0281  ],[-61.7608  -49.41245 628.84985],[ 61.91619 -40.64892 554.756  ],[179.88278  -32.471256 474.88303 ],[287.90027  -25.148613 396.70877 ]
[-182.37842   -57.744747  692.0281  ],[-61.764633 -49.13129  629.08386 ],[ 61.992897 -40.754456 555.39825 ],[180.04486  -32.597904 475.27728 ],[287.83716  -24.983835 396.98798 ]
[-182.3346   -57.74547  691.86005],[-61.78329 -49.31583 629.0404 ],[ 61.976074 -40.6368   555.3349  ],[179.8357   -32.460697 475.53592 ],[288.51413 -24.93522 397.60736]
[-182.37842   -57.744747  692.0281  ],[-61.808437 -49.407883 629.32074 ],[ 61.992897 -40.754456 555.39825 ],[179.81117  -32.309845 476.19867 ],[288.76065 -24.90767 398.2926 ]
[-182.38666   -57.815083  692.05096 ],[-61.740814 -49.13365  628.8484  ],[ 62.052883 -40.742374 555.9777  ],[179.81117  -32.309845 476.19867 ],[288.99213 -24.88859 398.61957]
[-182.3346   -57.74547  691.86005],[-61.764633 -49.13129  629.08386 ],[ 61.71589  -40.672367 556.3715  ],[179.92783  -32.298058 476.5191  ],[289.45566  -24.850386 399.2745  ]
[-182.67853  -57.75019  691.5896 ],[-61.808437 -49.407883 629.32074 ],[ 61.37227  -40.528416 556.0677  ],[179.83401 -32.14902 477.09875],[289.70535  -24.713562 399.60538 ]
[-182.3346   -57.74547  691.86005],[-61.80985  -49.502243 629.36566 ],[ 61.355232 -40.410934 556.00464 ],[179.59737  -32.300262 477.18567 ],[290.17035  -24.675064 400.2623  ]
[-182.3346   -57.74547  691.86005],[-61.808437 -49.407883 629.32074 ],[ 61.405945 -40.7635   556.1941  ],[179.66844  -32.150158 477.4321  ],[290.48215  -24.812784 400.6703  ]
[-182.32645   -57.675148  691.8373  ],[-62.179394 -49.232502 629.47174 ],[ 61.401833 -40.522358 556.35736 ],[179.83028  -32.276695 477.8276  ],[290.40314 -24.65579 400.59134]
[-182.3346   -57.74547  691.86005],[-62.197952 -49.417114 629.42816 ],[ 61.063385 -40.5361   556.32043 ],[179.50244 -32.15132 477.7654 ],[290.40314 -24.65579 400.59134]
[-182.2908    -57.746197  691.69214 ],[-62.179394 -49.232502 629.47174 ],[ 60.724987 -40.549843 556.2835  ],[179.61876  -32.139507 478.0866  ],[290.40314 -24.65579 400.59134]
[-182.3346   -57.74547  691.86005],[-62.197952 -49.417114 629.42816 ],[ 60.708065 -40.432487 556.2205  ],[179.4315  -32.30139 477.51886],[290.40314 -24.65579 400.59134]
[-182.32645   -57.675148  691.8373  ],[-62.197952 -49.417114 629.42816 ],[ 60.74177  -40.667236 556.3466  ],[179.4315  -32.30139 477.51886],[290.01666  -24.851189 400.01257 ]
[-182.3346   -57.74547  691.86005],[-62.15009  -49.421673 628.9578  ],[ 60.74177  -40.667236 556.3466  ],[179.31532 -32.31316 477.19818],[289.70535  -24.713562 399.60538 ]
[-182.3346   -57.74547  691.86005],[-62.14871  -49.327427 628.91296 ],[ 60.71255  -40.673252 556.0574  ],[179.08319  -32.336674 476.55743 ],[289.47324 -24.73279 399.2774 ]
[-182.3346   -57.74547  691.86005],[-62.15009  -49.421673 628.9578  ],[ 61.021446 -40.665634 555.8048  ],[179.08319  -32.336674 476.55743 ],[289.2413 -24.752  398.9497]
[-182.3346   -57.74547  691.86005],[-61.80985  -49.502243 629.36566 ],[ 61.33001 -40.65802 555.552  ],[179.13248  -32.347317 475.9046  ],[288.77817  -24.790379 398.2954  ]
[-182.37029   -57.674427  692.0053  ],[-61.832268 -49.405598 629.5563  ],[ 61.300434 -40.664062 555.2627  ],[178.85544  -32.232754 475.19122 ],[288.31592  -24.828691 397.64236 ]
[-182.3346   -57.74547  691.86005],[-61.784607 -49.410164 629.0853  ],[ 61.317093 -40.781563 555.326   ],[179.29729 -32.34624 475.57178],[287.85458  -24.866945 396.99066 ]
[-182.3346   -57.74547  691.86005],[-61.784607 -49.410164 629.0853  ],[ 61.287487 -40.787586 555.03687 ],[179.06497 -32.36975 474.93286],[287.47253 -25.06133 396.4189 ]
[-182.3346   -57.74547  691.86005],[-61.75945 -49.31812 628.805  ],[ 61.59539  -40.780075 554.7837  ],[179.39041  -32.495144 474.9939  ],[287.14694  -25.040806 396.01294 ]
[-182.3346   -57.74547  691.86005],[-61.7608  -49.41245 628.84985],[ 61.908783 -40.929714 554.79675 ],[179.1348  -32.6583  474.34625],[286.99554  -25.215828 395.76712 ]
[-182.3346   -57.74547  691.86005],[-61.7608  -49.41245 628.84985],[ 61.932934 -40.76654  554.81934 ],[179.4147   -32.645573 474.33252 ],[286.91733  -25.059763 395.68857 ]
[-182.3346   -57.74547  691.86005],[-61.7608  -49.41245 628.84985],[ 61.91619 -40.64892 554.756  ],[179.4378   -32.505875 474.34198 ],[286.91733  -25.059763 395.68857 ]
[-182.3346   -57.74547  691.86005],[-61.7608  -49.41245 628.84985],[ 61.91619 -40.64892 554.756  ],[179.6946  -32.63285 474.3188 ],[286.91733  -25.059763 395.68857 ]
[-182.3346   -57.74547  691.86005],[-61.7608  -49.41245 628.84985],[ 61.94613  -40.642853 555.04535 ],[179.6946  -32.63285 474.3188 ],[287.22525 -25.19693 396.09152]
[-182.34286   -57.815804  691.8829  ],[-61.784607 -49.410164 629.0853  ],[ 61.938732 -40.923767 555.0861  ],[179.85641 -32.75953 474.71265],[287.3614   -25.030312 395.98022 ]
[-182.34286   -57.815804  691.8829  ],[-61.78329 -49.31583 629.0404 ],[ 61.921894 -40.806152 555.02277 ],[179.81128  -32.621204 474.63803 ],[287.90027  -25.148613 396.70877 ]
[-182.34286   -57.815804  691.8829  ],[-61.784607 -49.410164 629.0853  ],[ 61.968678 -40.917816 555.37555 ],[179.76425 -32.61066 475.29053],[288.05237  -24.973303 396.95557 ]
[-182.3346   -57.74547  691.86005],[-61.784607 -49.410164 629.0853  ],[ 61.934807 -40.682583 555.2491  ],[179.85887  -32.320576 475.54535 ],[288.14615  -25.121191 397.39233 ]
[-182.34286   -57.815804  691.8829  ],[-61.832268 -49.405598 629.5563  ],[ 61.968678 -40.917816 555.37555 ],[179.95241  -32.449005 475.85593 ],[288.52948  -24.926735 397.96597 ]
[-182.3346   -57.74547  691.86005],[-61.78329 -49.31583 629.0404 ],[ 62.011658 -40.788242 555.89166 ],[179.7426  -32.31189 476.1148 ],[289.07074  -25.045208 398.69836 ]
[-182.3346   -57.74547  691.86005],[-61.784607 -49.410164 629.0853  ],[ 61.38918 -40.64594 556.13086],[179.92783  -32.298058 476.5191  ],[289.47324 -24.73279 399.2774 ]
[-182.67853  -57.75019  691.5896 ],[-61.808437 -49.407883 629.32074 ],[ 61.401833 -40.522358 556.35736 ],[179.8794  -32.28736 477.1732 ],[289.70535  -24.713562 399.60538 ]
[-182.4825    -57.883972  692.4097  ],[-61.833656 -49.49996  629.6011  ],[ 61.35959 -40.65198 555.8414 ],[179.59737  -32.300262 477.18567 ],[289.92014 -24.81212 399.9308 ]
[-182.4825    -57.883972  692.4097  ],[-61.835163 -49.594345 629.646   ],[ 61.38918 -40.64594 556.13086],[179.71378 -32.28848 477.5065 ],[290.24927  -24.831993 400.34128 ]
